,name,team,gp,rec,tgts,recYds,recTD,recYdsPer,yac,firstDowns,avgPerRec,targets_per_game,year
0,A.J. Brown,TEN,16,52,84,"1,051",8,65.7,463,39,20.2,5.25,2019
1,A.J. Brown,TEN,14,70,106,"1,075",11,76.8,422,55,15.4,7.571428571428571,2020
2,A.J. Brown,TEN,13,63,105,869,5,66.8,248,45,13.8,8.076923076923077,2021
3,A.J. Brown,PHI,17,88,145,"1,496",11,88.0,548,59,17.0,9.0625,2022
4,A.J. Brown,PHI,17,106,158,"1,456",7,85.6,473,70,13.7,11.285714285714286,2023
5,A.J. Brown,PHI,13,67,97,"1,079",7,83.0,353,51,16.1,5.705882352941177,2024
6,A.J. Green,CIN,9,46,77,694,6,77.1,173,37,15.1,8.555555555555555,2018
7,A.J. Green,CIN,16,47,104,523,2,32.7,90,34,11.1,6.5,2020
8,A.J. Green,ARI,16,54,92,848,3,53.0,181,37,15.7,5.75,2021
9,A.J. Green,ARI,15,24,47,236,2,15.7,56,11,9.8,3.9166666666666665,2022
10,A.T. Perry,NO,10,12,18,246,4,24.6,20,10,20.5,1.8,2023
11,AJ Barner,SEA,17,30,38,245,4,14.4,164,18,8.2,2.375,2024
12,AJ Dillon,GB,17,34,37,313,2,18.4,310,15,9.2,2.176470588235294,2021
13,AJ Dillon,GB,17,28,43,206,0,12.1,197,9,7.4,5.375,2022
14,AJ Dillon,GB,15,22,28,223,0,14.9,231,10,10.1,2.5454545454545454,2023
15,Aaron Jones Sr.,GB,16,49,68,474,3,29.6,453,18,9.7,4.25,2019
16,Aaron Jones Sr.,GB,14,47,63,355,2,25.4,367,15,7.6,4.5,2020
17,Aaron Jones Sr.,GB,15,52,65,391,6,26.1,412,22,7.5,4.333333333333333,2021
18,Aaron Jones Sr.,GB,17,59,72,395,5,23.2,447,19,6.7,4.5,2022
19,Aaron Jones Sr.,GB,11,30,43,233,1,21.2,271,13,7.8,3.909090909090909,2023
20,Aaron Jones Sr.,MIN,17,51,62,408,2,24.0,411,20,8.0,3.875,2024
21,Adam Humphries,TB,16,76,105,816,5,51.0,414,48,10.7,6.5625,2018
22,Adam Humphries,TEN,12,37,47,374,2,31.2,122,20,10.1,3.9166666666666665,2019
23,Adam Humphries,TEN,7,23,35,228,2,32.6,48,11,9.9,5.0,2020
24,Adam Humphries,WSH,17,41,62,383,0,22.5,150,23,9.3,3.6470588235294117,2021
25,Adam Thielen,MIN,16,113,153,"1,373",9,85.8,428,74,12.1,9.5625,2018
26,Adam Thielen,MIN,10,30,48,418,6,41.8,123,18,13.9,4.8,2019
27,Adam Thielen,MIN,15,74,108,925,14,61.7,231,52,12.5,7.2,2020
28,Adam Thielen,MIN,17,70,107,716,6,42.1,152,45,10.2,7.133333333333334,2022
29,Adam Thielen,CAR,17,103,137,"1,014",4,59.6,345,56,9.8,9.133333333333333,2023
30,Adam Thielen,CAR,10,48,62,615,5,61.5,152,28,12.8,3.6470588235294117,2024
31,Adam Trautman,NO,13,27,43,263,2,20.2,111,13,9.7,3.3076923076923075,2021
32,Adam Trautman,NO,15,18,22,207,1,13.8,123,9,11.5,1.5714285714285714,2022
33,Adam Trautman,DEN,17,22,35,204,3,12.0,98,10,9.3,2.1875,2023
34,Adonai Mitchell,IND,17,23,55,312,0,18.4,101,16,13.6,3.4375,2024
35,Albert Okwuegbunam Jr.,DEN,14,33,40,330,2,23.6,245,15,10.0,2.857142857142857,2021
36,Albert Wilson,MIA,7,26,35,391,4,55.9,345,11,15.0,5.0,2018
37,Albert Wilson,MIA,13,43,62,351,1,27.0,181,22,8.2,4.769230769230769,2019
38,Albert Wilson,MIA,14,25,39,213,0,15.2,143,10,8.5,2.7857142857142856,2021
39,Aldrick Robinson,MIN,14,17,35,231,5,16.5,41,12,13.6,2.5,2018
40,Alec Pierce,IND,16,41,78,593,2,37.1,113,28,14.5,4.875,2022
41,Alec Pierce,IND,17,32,65,514,2,30.2,97,24,16.1,5.416666666666667,2023
42,Alec Pierce,IND,16,37,69,824,7,51.5,118,32,22.3,4.3125,2024
43,Alex Erickson,CIN,16,43,78,529,0,33.1,230,26,12.3,4.875,2019
44,Alex Erickson,LAC,8,16,29,232,1,29.0,63,12,14.5,2.0714285714285716,2023
45,Alexander Mattison,MIN,16,32,39,228,1,14.3,238,10,7.1,2.4375,2021
46,Alexander Mattison,LV,14,36,48,294,1,21.0,314,13,8.2,4.8,2024
47,Allen Hurns,DAL,16,20,35,295,2,18.4,67,11,14.8,2.1875,2018
48,Allen Hurns,MIA,14,32,47,416,2,29.7,101,18,13.0,3.357142857142857,2019
49,Allen Lazard,GB,16,35,52,477,3,29.8,145,24,13.6,3.25,2019
50,Allen Lazard,GB,10,33,46,451,3,45.1,195,23,13.7,4.6,2020
51,Allen Lazard,GB,15,40,60,513,8,34.2,168,28,12.8,4.0,2021
52,Allen Lazard,GB,15,60,100,788,6,52.5,248,45,13.1,6.25,2022
53,Allen Lazard,NYJ,14,23,49,311,1,22.2,56,17,13.5,3.5,2023
54,Allen Lazard,NYJ,12,37,60,530,6,44.2,155,29,14.3,3.75,2024
55,Allen Robinson,CHI,13,55,94,754,4,58.0,239,36,13.7,7.230769230769231,2018
56,Allen Robinson,CHI,16,98,154,"1,147",7,71.7,279,63,11.7,9.625,2019
57,Allen Robinson,CHI,16,102,151,"1,250",6,78.1,339,68,12.3,9.4375,2020
58,Allen Robinson,CHI,12,38,66,410,1,34.2,101,22,10.8,5.5,2021
59,Allen Robinson,LAR,10,33,52,339,3,33.9,71,23,10.3,3.466666666666667,2022
60,Allen Robinson,PIT,17,34,49,280,0,16.5,68,9,8.2,3.0625,2023
61,Alshon Jeffery,PHI,13,65,92,843,6,64.8,277,48,13.0,7.076923076923077,2018
62,Alshon Jeffery,PHI,10,43,73,490,4,49.0,133,36,11.4,7.3,2019
63,Alvin Kamara,NO,15,81,105,709,4,47.3,647,31,8.8,7.0,2018
64,Alvin Kamara,NO,14,81,97,533,1,38.1,568,28,6.6,6.928571428571429,2019
65,Alvin Kamara,NO,15,83,107,756,5,50.4,734,35,9.1,7.133333333333334,2020
66,Alvin Kamara,NO,13,47,67,439,5,33.8,432,20,9.3,5.153846153846154,2021
67,Alvin Kamara,NO,15,57,77,490,2,32.7,465,17,8.6,7.7,2022
68,Alvin Kamara,NO,13,75,86,466,1,35.8,501,23,6.2,5.375,2023
69,Alvin Kamara,NO,14,68,89,543,2,38.8,542,18,8.0,5.5625,2024
70,Amari Cooper,OAK/DAL,15,75,107,"1,005",7,67.0,411,53,13.4,7.133333333333334,2018
71,Amari Cooper,DAL,16,79,119,"1,189",8,74.3,245,54,15.1,7.4375,2019
72,Amari Cooper,DAL,16,92,130,"1,114",5,69.6,408,54,12.1,8.125,2020
73,Amari Cooper,DAL,15,68,104,865,8,57.7,235,45,12.7,6.933333333333334,2021
74,Amari Cooper,CLE,17,78,132,"1,160",9,68.2,325,61,14.9,8.25,2022
75,Amari Cooper,CLE,15,72,128,"1,250",5,83.3,271,50,17.4,8.0,2023
76,Amari Cooper,BUF/CLE,14,44,85,547,4,39.1,111,24,12.4,5.666666666666667,2024
77,Amari Rodgers,HOU/GB,16,16,25,204,1,12.8,68,12,12.8,3.5714285714285716,2022
78,Ameer Abdullah,MIN/CAR,17,38,53,289,1,17.0,294,13,7.6,3.1176470588235294,2021
79,Ameer Abdullah,LV,17,25,32,211,1,12.4,195,8,8.4,2.2857142857142856,2022
80,Ameer Abdullah,LV,16,40,47,261,3,16.3,252,16,6.5,3.6153846153846154,2024
81,Amon-Ra St. Brown,DET,17,90,119,912,5,53.6,424,48,10.1,7.0,2021
82,Amon-Ra St. Brown,DET,16,106,146,"1,161",6,72.6,526,68,11.0,9.733333333333333,2022
83,Amon-Ra St. Brown,DET,16,119,164,"1,515",10,94.7,668,75,12.7,10.25,2023
84,Amon-Ra St. Brown,DET,17,115,141,"1,263",12,74.3,412,72,11.0,8.8125,2024
85,Andrei Iosivas,CIN,17,36,61,479,6,28.2,67,26,13.3,5.545454545454546,2024
86,Andy Isabella,ARI,13,21,35,224,2,17.2,85,10,10.7,2.6923076923076925,2020
87,Anthony Firkser,TEN,12,19,20,225,1,18.8,94,12,11.8,1.6666666666666667,2018
88,Anthony Firkser,TEN,15,14,24,204,1,13.6,74,9,14.6,1.6,2019
89,Anthony Firkser,TEN,16,39,53,387,1,24.2,143,26,9.9,3.3125,2020
90,Anthony Firkser,TEN,15,34,43,291,2,19.4,111,15,8.6,2.8666666666666667,2021
91,Anthony Miller,CHI,15,33,54,423,7,28.2,174,19,12.8,3.6,2018
92,Anthony Miller,CHI,16,52,85,656,2,41.0,227,34,12.6,5.3125,2019
93,Anthony Miller,CHI,16,49,76,485,2,30.3,154,23,9.9,4.75,2020
94,Antoine Wesley,ARI,15,19,32,208,3,13.9,61,9,10.9,2.1333333333333333,2021
95,Antonio Brown,PIT,15,104,168,"1,297",15,86.5,503,63,12.5,11.2,2018
96,Antonio Brown,TB,8,45,61,483,4,60.4,252,27,10.7,7.625,2020
97,Antonio Callaway,CLE,16,43,79,586,5,36.6,226,27,13.6,4.9375,2018
98,Antonio Gates,LAC,16,28,45,333,2,20.8,123,19,11.9,2.8125,2018
99,Antonio Gibson,WSH,14,36,44,247,0,17.6,301,9,6.9,3.142857142857143,2020
100,Antonio Gibson,WSH,16,42,52,294,3,18.4,333,12,7.0,3.25,2021
101,Antonio Gibson,WSH,15,46,58,353,2,23.5,297,18,7.7,3.625,2022
102,Antonio Gibson,WSH,16,48,59,389,2,24.3,377,19,8.1,5.9,2023
103,Antonio Gibson,NE,17,23,29,206,0,12.1,213,11,9.0,1.8125,2024
104,Ashton Dulin,IND,12,15,22,207,1,17.3,35,12,13.8,1.5714285714285714,2022
105,Auden Tate,CIN,12,40,80,575,1,47.9,202,29,14.4,6.666666666666667,2019
106,Austin Ekeler,LAC,14,39,53,404,3,28.9,418,18,10.4,3.7857142857142856,2018
107,Austin Ekeler,LAC,16,92,108,993,8,62.1,944,42,10.8,6.75,2019
108,Austin Ekeler,LAC,10,54,65,403,2,40.3,478,20,7.5,6.5,2020
109,Austin Ekeler,LAC,16,70,94,647,8,40.4,627,31,9.2,5.875,2021
110,Austin Ekeler,LAC,17,107,127,722,5,42.5,857,36,6.7,9.071428571428571,2022
111,Austin Ekeler,LAC,14,51,74,436,1,31.1,528,21,8.5,7.4,2023
112,Austin Ekeler,WSH,12,35,41,366,0,30.5,424,14,10.5,2.411764705882353,2024
113,Austin Hooper,ATL,16,71,88,660,4,41.3,218,30,9.3,5.5,2018
114,Austin Hooper,ATL,13,75,97,787,6,60.5,329,41,10.5,7.461538461538462,2019
115,Austin Hooper,CLE,13,46,70,435,4,33.5,161,27,9.5,5.384615384615385,2020
116,Austin Hooper,CLE,16,38,61,345,3,21.6,185,18,9.1,3.8125,2021
117,Austin Hooper,TEN,17,41,60,444,2,26.1,134,28,10.8,3.75,2022
118,Austin Hooper,LV,17,25,31,234,0,13.8,142,12,9.4,2.066666666666667,2023
119,Austin Hooper,NE,17,45,59,476,3,28.0,225,25,10.6,3.933333333333333,2024
120,Ben Skowronek,LAR,14,39,61,376,0,26.9,137,16,9.6,5.545454545454546,2022
121,Ben Watson,NO,16,35,46,400,2,25.0,86,21,11.4,2.875,2018
122,Bijan Robinson,ATL,17,58,86,487,4,28.6,519,24,8.4,5.375,2023
123,Bijan Robinson,ATL,17,61,72,431,1,25.4,530,20,7.1,4.8,2024
124,Bisi Johnson,MIN,16,31,45,294,3,18.4,64,17,9.5,2.8125,2019
125,Blake Jarwin,DAL,16,27,36,307,3,19.2,79,16,11.4,2.25,2018
126,Blake Jarwin,DAL,16,31,41,365,3,22.8,160,17,11.8,2.5625,2019
127,Bo Melton,GB,5,16,24,218,1,43.6,37,13,13.6,4.8,2023
128,Boston Scott,PHI,11,24,26,204,0,18.5,277,10,8.5,2.3636363636363638,2019
129,Boston Scott,PHI,16,25,36,212,1,13.3,187,8,8.5,2.25,2020
130,Brandin Cooks,LAR,16,80,117,"1,204",5,75.3,319,56,15.1,7.3125,2018
131,Brandin Cooks,LAR,14,42,72,583,2,41.6,169,32,13.9,5.142857142857143,2019
132,Brandin Cooks,HOU,15,81,119,"1,150",6,76.7,348,52,14.2,7.933333333333334,2020
133,Brandin Cooks,HOU,16,90,134,"1,037",6,64.8,357,45,11.5,8.375,2021
134,Brandin Cooks,HOU,13,57,93,699,3,53.8,205,29,12.3,5.8125,2022
135,Brandin Cooks,DAL,16,54,81,657,8,41.1,125,38,12.2,5.4,2023
136,Brandin Cooks,DAL,10,26,54,259,3,25.9,55,19,10.0,5.4,2024
137,Brandon Aiyuk,SF,12,60,96,748,5,62.3,289,43,12.5,8.0,2020
138,Brandon Aiyuk,SF,17,56,84,826,5,48.6,349,37,14.8,4.9411764705882355,2021
139,Brandon Aiyuk,SF,17,78,114,"1,015",8,59.7,388,47,13.0,7.125,2022
140,Brandon Aiyuk,SF,16,75,105,"1,342",7,83.9,382,61,17.9,6.5625,2023
141,Brandon Aiyuk,SF,7,25,47,374,0,53.4,107,19,15.0,3.9166666666666665,2024
142,Brandon Bolden,NE,17,41,49,405,2,23.8,416,21,9.9,2.8823529411764706,2021
143,Brandon Johnson,DEN,13,19,30,284,4,21.8,89,12,14.9,2.142857142857143,2023
144,Brandon Powell,MIN,17,29,44,324,1,19.1,104,18,11.2,3.3846153846153846,2023
145,Brandon Zylstra,CAR,14,18,25,250,1,17.9,118,10,13.9,1.7857142857142858,2021
146,Braxton Berrios,NYJ,16,37,55,394,3,24.6,224,19,10.6,3.4375,2020
147,Braxton Berrios,MIA,16,27,33,238,1,14.9,85,15,8.8,2.0625,2023
148,Breece Hall,NYJ,7,19,31,218,1,31.1,171,8,11.5,1.9375,2022
149,Breece Hall,NYJ,17,76,95,591,4,34.8,649,28,7.8,5.9375,2023
150,Breece Hall,NYJ,16,57,76,483,3,30.2,496,15,8.5,5.428571428571429,2024
151,Brenton Strange,JAX,17,40,53,411,2,24.2,183,21,10.3,3.533333333333333,2024
152,Breshad Perriman,CLE,10,16,25,340,2,34.0,72,13,21.3,2.5,2018
153,Breshad Perriman,TB,14,36,70,645,6,46.1,134,29,17.9,5.0,2019
154,Breshad Perriman,NYJ,12,30,60,505,3,42.1,164,20,16.8,5.0,2020
155,Brevin Jordan,HOU,9,20,28,178,3,19.8,99,10,8.9,3.111111111111111,2021
156,Brevin Jordan,HOU,14,17,21,219,2,15.6,124,13,12.9,1.4,2023
157,Brian Robinson Jr.,WSH,15,36,43,368,4,24.5,409,15,10.2,4.3,2023
158,Brian Thomas Jr.,JAX,17,87,133,"1,282",10,75.4,562,53,14.7,8.3125,2024
159,Brock Bowers,LV,17,112,153,"1,194",5,70.2,596,61,10.7,9.5625,2024
160,Brock Wright,DET,17,18,24,216,4,12.7,165,13,12.0,1.5,2022
161,Bruce Ellington,HOU/DET,7,31,42,224,1,32.0,106,14,7.2,6.0,2018
162,Bryan Edwards,LV,17,34,59,571,3,33.6,190,26,16.8,3.4705882352941178,2021
163,Bucky Irving,TB,17,47,52,392,0,23.1,528,16,8.3,3.7142857142857144,2024
164,Byron Pringle,KC,17,42,60,568,5,33.4,187,32,13.5,3.5294117647058822,2021
165,C.J. Uzomah,CIN,16,43,64,439,3,27.4,201,21,10.2,4.0,2018
166,C.J. Uzomah,CIN,16,27,40,242,2,15.1,131,12,9.0,2.5,2019
167,C.J. Uzomah,CIN,16,49,63,493,5,30.8,300,24,10.1,3.9375,2021
168,C.J. Uzomah,NYJ,15,21,27,232,2,15.5,105,10,11.0,1.6875,2022
169,Cade Otton,TB,16,42,65,391,2,24.4,174,19,9.3,4.0625,2022
170,Cade Otton,TB,17,47,67,455,4,26.8,223,22,9.7,7.444444444444445,2023
171,Cade Otton,TB,14,59,87,600,4,42.9,311,31,10.2,5.117647058823529,2024
172,Calvin Austin III,PIT,17,36,58,548,4,32.2,152,18,15.2,5.8,2024
173,Calvin Ridley,ATL,16,64,92,821,10,51.3,354,39,12.8,5.75,2018
174,Calvin Ridley,ATL,13,63,93,866,7,66.6,139,47,13.7,7.153846153846154,2019
175,Calvin Ridley,ATL,15,90,143,"1,374",9,91.6,369,65,15.3,9.533333333333333,2020
176,Calvin Ridley,JAX,17,76,136,"1,016",8,59.8,194,49,13.4,8.5,2023
177,Calvin Ridley,TEN,17,64,120,"1,017",4,59.8,231,40,15.9,7.5,2024
178,Cam Sims,WSH,16,32,48,477,1,29.8,250,18,14.9,3.0,2020
179,Cam Sims,WSH,14,15,23,211,2,15.1,42,11,14.1,1.6428571428571428,2021
180,Cameron Brate,TB,16,30,49,289,6,18.1,50,18,9.6,3.0625,2018
181,Cameron Brate,TB,16,36,55,311,4,19.4,99,21,8.6,3.4375,2019
182,Cameron Brate,TB,16,28,34,282,2,17.6,63,17,10.1,2.125,2020
183,Cameron Brate,TB,17,30,57,245,4,14.4,81,15,8.2,3.3529411764705883,2021
184,Cedric Tillman,CLE,14,21,44,224,0,16.0,88,12,10.7,2.75,2023
185,Cedric Tillman,CLE,11,29,49,339,3,30.8,104,15,11.7,2.8823529411764706,2024
186,Cedrick Wilson Jr.,DAL,16,45,61,602,6,37.6,260,27,13.4,3.8125,2021
187,Cedrick Wilson Jr.,MIA,15,22,38,296,3,19.7,57,14,13.5,5.428571428571429,2023
188,Cedrick Wilson Jr.,NO,15,20,27,211,1,14.1,89,8,10.6,2.25,2024
189,CeeDee Lamb,DAL,16,74,111,935,5,58.4,317,46,12.6,6.9375,2020
190,CeeDee Lamb,DAL,16,79,120,"1,102",6,68.9,441,54,13.9,7.5,2021
191,CeeDee Lamb,DAL,17,107,156,"1,359",9,79.9,486,67,12.7,9.75,2022
192,CeeDee Lamb,DAL,17,135,181,"1,749",12,102.9,680,80,13.0,12.066666666666666,2023
193,CeeDee Lamb,DAL,15,101,152,"1,194",6,79.6,537,54,11.8,8.941176470588236,2024
194,Chad Beebe,MIN,14,20,30,201,2,14.4,73,12,10.1,2.142857142857143,2020
195,Chad Hansen,HOU,5,17,24,236,1,47.2,60,11,13.9,4.8,2020
196,Charles Clay,ARI,15,18,24,237,1,15.8,95,12,13.2,1.6,2019
197,Chase Brown,CIN,16,54,65,360,4,22.5,326,23,6.7,4.0625,2024
198,Chase Claypool,PIT,16,62,109,873,9,54.6,338,41,14.1,6.8125,2020
199,Chase Claypool,PIT,15,59,105,860,2,57.3,295,36,14.6,7.0,2021
200,Chase Claypool,PIT/CHI,15,46,79,451,1,30.1,143,24,9.8,4.9375,2022
201,Chase Edmonds,ARI,16,53,67,402,4,25.1,335,21,7.6,4.1875,2020
202,Chase Edmonds,ARI,12,43,53,311,0,25.9,324,11,7.2,4.416666666666667,2021
203,Chester Rogers,IND,16,53,72,485,2,30.3,255,28,9.2,4.5,2018
204,Chester Rogers,TEN,16,30,43,301,1,18.8,103,12,10.0,2.6875,2021
205,Chig Okonkwo,TEN,17,32,46,450,3,26.5,254,22,14.1,2.875,2022
206,Chig Okonkwo,TEN,17,54,77,528,1,31.1,260,25,9.8,7.0,2023
207,Chig Okonkwo,TEN,17,52,70,479,2,28.2,249,19,9.2,5.833333333333333,2024
208,Chris Carson,SEA,15,37,47,266,2,17.7,315,10,7.2,3.1333333333333333,2019
209,Chris Carson,SEA,12,37,46,287,4,23.9,270,14,7.8,3.8333333333333335,2020
210,Chris Conley,KC,16,32,52,334,5,20.9,132,18,10.4,3.25,2018
211,Chris Conley,JAX,16,47,90,775,5,48.4,253,36,16.5,5.625,2019
212,Chris Conley,JAX,15,40,63,471,2,31.4,181,24,11.8,4.2,2020
213,Chris Conley,HOU,16,22,37,323,2,20.2,126,15,14.7,2.3125,2021
214,Chris Godwin,TB,16,59,95,842,7,52.6,242,48,14.3,5.9375,2018
215,Chris Godwin,TB,14,86,121,"1,333",9,95.2,591,63,15.5,8.642857142857142,2019
216,Chris Godwin,TB,12,65,84,840,7,70.0,300,43,12.9,7.0,2020
217,Chris Godwin,TB,15,104,142,"1,023",3,68.2,531,53,9.8,9.466666666666667,2022
218,Chris Godwin,TB,17,83,130,"1,024",2,60.2,385,53,12.3,8.666666666666666,2023
219,Chris Godwin,TB,7,50,62,576,5,82.3,350,33,11.5,3.875,2024
220,Chris Herndon,NYJ,16,39,56,502,4,31.4,192,25,12.9,3.5,2018
221,Chris Herndon,NYJ,16,31,45,287,3,17.9,133,17,9.3,2.8125,2020
222,Chris Hogan,NE,16,35,55,532,3,33.3,183,22,15.2,3.4375,2018
223,Chris Moore,HOU,12,21,22,227,2,18.9,150,6,10.8,1.8333333333333333,2021
224,Chris Moore,HOU,16,48,74,548,2,34.3,263,24,11.4,5.285714285714286,2022
225,Chris Moore,TEN,17,22,35,424,0,24.9,57,16,19.3,3.5,2023
226,Chris Olave,NO,15,72,119,"1,042",4,69.5,210,48,14.5,7.4375,2022
227,Chris Olave,NO,16,87,138,"1,123",5,70.2,347,57,12.9,8.625,2023
228,Chris Olave,NO,8,32,44,400,1,50.0,121,22,12.5,2.588235294117647,2024
229,Chris Thompson,WSH,10,41,55,268,1,26.8,203,12,6.5,5.5,2018
230,Chris Thompson,WSH,11,42,58,378,0,34.4,347,16,9.0,5.2727272727272725,2019
231,Christian Kirk,ARI,12,43,68,590,3,49.2,228,21,13.7,5.666666666666667,2018
232,Christian Kirk,ARI,13,68,107,709,3,54.5,291,31,10.4,8.23076923076923,2019
233,Christian Kirk,ARI,14,48,79,621,6,44.4,187,30,12.9,5.642857142857143,2020
234,Christian Kirk,ARI,17,77,103,982,5,57.8,243,44,12.8,6.0588235294117645,2021
235,Christian Kirk,JAX,17,84,133,"1,108",8,65.2,377,54,13.2,8.3125,2022
236,Christian Kirk,JAX,12,57,85,787,3,65.6,247,34,13.8,5.666666666666667,2023
237,Christian Kirk,JAX,8,27,47,379,1,47.4,113,18,14.0,2.9375,2024
238,Christian McCaffrey,CAR,16,107,124,867,6,54.2,848,41,8.1,7.75,2018
239,Christian McCaffrey,CAR,16,116,142,"1,005",4,62.8,1010,58,8.7,8.875,2019
240,Christian McCaffrey,SF/CAR,17,85,108,741,5,43.6,695,36,8.7,6.75,2022
241,Christian McCaffrey,SF,16,67,83,564,7,35.3,461,31,8.4,5.1875,2023
242,Christian Watson,GB,14,41,66,611,7,43.6,276,28,14.9,4.714285714285714,2022
243,Christian Watson,GB,9,28,53,422,5,46.9,105,20,15.1,7.571428571428571,2023
244,Christian Watson,GB,15,29,53,620,2,41.3,149,21,21.4,3.7857142857142856,2024
245,Chuba Hubbard,CAR,17,39,44,233,0,13.7,269,9,6.0,2.75,2023
246,Clyde Edwards-Helaire,KC,13,36,54,297,1,22.8,304,12,8.3,4.153846153846154,2020
247,Cody Latimer,NYG,15,24,42,300,2,20.0,80,19,12.5,2.8,2019
248,Colby Parkinson,SEA,17,25,34,322,2,18.9,150,14,12.9,2.125,2022
249,Colby Parkinson,SEA,17,25,34,247,2,14.5,79,11,9.9,2.125,2023
250,Colby Parkinson,LAR,17,30,49,294,1,17.3,160,15,9.8,2.8823529411764706,2024
251,Cole Beasley,DAL,16,65,87,672,3,42.0,190,39,10.3,5.4375,2018
252,Cole Beasley,BUF,15,67,106,778,6,51.9,344,37,11.6,7.066666666666666,2019
253,Cole Beasley,BUF,15,82,107,967,4,64.5,354,53,11.8,7.133333333333334,2020
254,Cole Beasley,BUF,16,82,112,693,1,43.3,305,34,8.5,7.0,2021
255,Cole Kmet,CHI,16,28,44,243,2,15.2,138,12,8.7,2.75,2020
256,Cole Kmet,CHI,17,60,93,612,0,36.0,246,29,10.2,5.470588235294118,2021
257,Cole Kmet,CHI,17,50,69,544,7,32.0,286,27,10.9,4.928571428571429,2022
258,Cole Kmet,CHI,17,73,90,719,6,42.3,290,36,9.8,6.923076923076923,2023
259,Cole Kmet,CHI,17,47,55,474,4,27.9,181,25,10.1,3.235294117647059,2024
260,Collin Johnson,JAX,14,18,31,272,2,19.4,69,12,15.1,2.2142857142857144,2020
261,Cooper Kupp,LAR,8,40,55,566,6,70.8,302,25,14.1,6.875,2018
262,Cooper Kupp,LAR,16,94,134,"1,161",10,72.6,547,51,12.4,8.375,2019
263,Cooper Kupp,LAR,15,92,124,974,3,64.9,529,45,10.6,8.266666666666667,2020
264,Cooper Kupp,LAR,17,145,191,"1,947",16,114.5,846,89,13.4,11.235294117647058,2021
265,Cooper Kupp,LAR,9,75,98,812,6,90.2,422,42,10.8,7.538461538461538,2022
266,Cooper Kupp,LAR,12,59,95,737,5,61.4,322,33,12.5,6.785714285714286,2023
267,Cooper Kupp,LAR,12,67,100,710,6,59.2,269,28,10.6,5.882352941176471,2024
268,Cordarrelle Patterson,NE,15,21,28,247,3,16.5,168,11,11.8,1.8666666666666667,2018
269,Cordarrelle Patterson,ATL,16,52,69,548,5,34.3,385,26,10.5,4.3125,2021
270,Corey Davis,TEN,16,65,112,891,4,55.7,261,47,13.7,7.0,2018
271,Corey Davis,TEN,15,43,69,601,2,40.1,211,33,14.0,4.6,2019
272,Corey Davis,TEN,14,65,92,984,5,70.3,279,49,15.1,6.571428571428571,2020
273,Corey Davis,NYJ,13,32,64,536,2,41.2,109,28,16.8,4.0,2022
274,Courtland Sutton,DEN,16,42,84,704,4,44.0,182,30,16.8,5.25,2018
275,Courtland Sutton,DEN,16,72,124,"1,112",6,69.5,363,50,15.4,7.75,2019
276,Courtland Sutton,DEN,17,58,98,776,2,45.6,135,35,13.4,5.764705882352941,2021
277,Courtland Sutton,DEN,15,64,109,829,2,55.3,152,38,13.0,6.8125,2022
278,Courtland Sutton,DEN,16,59,90,772,10,48.3,156,37,13.1,6.0,2023
279,Courtland Sutton,DEN,17,81,135,"1,081",8,63.6,179,57,13.3,9.642857142857142,2024
280,Curtis Samuel,CAR,13,39,65,494,5,38.0,102,24,12.7,5.0,2018
281,Curtis Samuel,CAR,16,54,105,627,6,39.2,153,36,11.6,6.5625,2019
282,Curtis Samuel,CAR,15,77,97,851,3,56.7,332,39,11.1,6.466666666666667,2020
283,Curtis Samuel,WSH,17,64,92,656,4,38.6,289,36,10.3,6.571428571428571,2022
284,Curtis Samuel,WSH,16,62,91,613,4,38.3,260,26,9.9,5.6875,2023
285,Curtis Samuel,BUF,14,31,46,253,1,18.1,160,9,8.2,3.5384615384615383,2024
286,Cyril Grayson Jr.,TB,5,10,12,212,2,42.4,70,8,21.2,2.4,2021
287,D'Andre Swift,DET,13,46,57,357,2,27.5,351,15,7.8,4.384615384615385,2020
288,D'Andre Swift,DET,13,62,78,452,2,34.8,502,18,7.3,6.0,2021
289,D'Andre Swift,DET,14,48,70,389,3,27.8,454,17,8.1,4.375,2022
290,D'Andre Swift,PHI,16,39,49,214,1,13.4,267,8,5.5,9.8,2023
291,D'Andre Swift,CHI,17,42,52,386,0,22.7,396,12,9.2,3.0588235294117645,2024
292,DJ Chark Jr.,JAX,15,73,118,"1,008",8,67.2,316,42,13.8,7.866666666666666,2019
293,DJ Chark Jr.,JAX,13,53,93,706,5,54.3,170,37,13.3,7.153846153846154,2020
294,DJ Chark Jr.,DET,11,30,52,502,3,45.6,134,24,16.7,3.7142857142857144,2022
295,DJ Chark Jr.,CAR,15,35,66,525,5,35.0,84,22,15.0,4.125,2023
296,DJ Moore,CAR,16,55,82,788,2,49.3,406,33,14.3,5.125,2018
297,DJ Moore,CAR,15,87,135,"1,175",4,78.3,403,63,13.5,9.0,2019
298,DJ Moore,CAR,15,66,118,"1,193",4,79.5,390,53,18.1,7.866666666666666,2020
299,DJ Moore,CAR,17,93,163,"1,157",4,68.1,426,60,12.4,9.588235294117647,2021
300,DJ Moore,CAR,17,63,118,888,7,52.2,178,44,14.1,7.375,2022
301,DJ Moore,CHI,17,96,136,"1,364",8,80.2,539,64,14.2,9.066666666666666,2023
302,DJ Moore,CHI,17,98,140,966,6,56.8,588,43,9.9,8.235294117647058,2024
303,DK Metcalf,SEA,16,58,100,900,7,56.3,278,39,15.5,6.25,2019
304,DK Metcalf,SEA,16,83,129,"1,303",10,81.4,384,63,15.7,8.0625,2020
305,DK Metcalf,SEA,17,75,129,967,12,56.9,328,48,12.9,7.588235294117647,2021
306,DK Metcalf,SEA,17,90,141,"1,048",6,61.6,217,47,11.6,9.4,2022
307,DK Metcalf,SEA,16,66,119,"1,114",8,69.6,367,52,16.9,7.4375,2023
308,DK Metcalf,SEA,15,66,108,992,5,66.1,263,35,15.0,6.352941176470588,2024
309,DaeSean Hamilton,DEN,14,30,46,243,2,17.4,57,16,8.1,3.2857142857142856,2018
310,DaeSean Hamilton,DEN,16,28,52,297,1,18.6,129,19,10.6,3.25,2019
311,DaeSean Hamilton,DEN,16,23,44,293,2,18.3,96,16,12.7,2.75,2020
312,Dallas Goedert,PHI,16,33,44,334,4,20.9,155,15,10.1,2.75,2018
313,Dallas Goedert,PHI,15,58,87,607,5,40.5,363,33,10.5,5.8,2019
314,Dallas Goedert,PHI,11,46,65,524,3,47.6,203,28,11.4,5.909090909090909,2020
315,Dallas Goedert,PHI,15,56,76,830,4,55.3,386,42,14.8,5.066666666666666,2021
316,Dallas Goedert,PHI,12,55,69,702,3,58.5,420,40,12.8,4.928571428571429,2022
317,Dallas Goedert,PHI,14,59,83,592,3,42.3,319,33,10.0,5.928571428571429,2023
318,Dallas Goedert,PHI,10,42,52,496,2,49.6,257,20,11.8,3.7142857142857144,2024
319,Dalton Kincaid,BUF,16,73,91,673,2,42.1,311,29,9.2,5.6875,2023
320,Dalton Kincaid,BUF,13,44,75,448,2,34.5,274,23,10.2,4.411764705882353,2024
321,Dalton Schultz,DAL,16,63,89,615,4,38.4,278,33,9.8,5.5625,2020
322,Dalton Schultz,DAL,17,78,104,808,8,47.5,348,43,10.4,6.117647058823529,2021
323,Dalton Schultz,DAL,15,57,89,577,5,38.5,204,27,10.1,5.5625,2022
324,Dalton Schultz,HOU,15,59,88,635,5,42.3,259,35,10.8,5.5,2023
325,Dalton Schultz,HOU,17,53,85,532,2,31.3,214,26,10.0,5.3125,2024
326,Dalvin Cook,MIN,11,40,49,305,2,27.7,349,15,7.6,4.454545454545454,2018
327,Dalvin Cook,MIN,14,53,63,519,0,37.1,597,26,9.8,4.5,2019
328,Dalvin Cook,MIN,14,44,54,361,1,25.8,439,17,8.2,3.857142857142857,2020
329,Dalvin Cook,MIN,13,34,49,224,0,17.2,278,9,6.6,3.769230769230769,2021
330,Dalvin Cook,MIN,17,39,56,295,2,17.4,331,16,7.6,3.5,2022
331,Damien Williams,KC,11,30,37,213,2,19.4,241,10,7.1,3.3636363636363638,2019
332,Damiere Byrd,ARI,11,32,46,359,1,32.6,147,16,11.2,4.181818181818182,2019
333,Damiere Byrd,NE,16,47,77,604,1,37.8,166,29,12.9,4.8125,2020
334,Damiere Byrd,CHI,17,26,38,329,1,19.4,116,18,12.7,2.235294117647059,2021
335,Damiere Byrd,ATL,14,13,23,268,2,19.1,105,9,20.6,3.8333333333333335,2022
336,Dan Arnold,ARI,16,31,45,438,4,27.4,176,24,14.1,2.8125,2020
337,Daniel Bellinger,NYG,12,30,35,268,2,22.3,144,14,8.9,3.888888888888889,2022
338,Daniel Bellinger,NYG,17,25,28,255,0,15.0,134,6,10.2,1.75,2023
339,Danny Amendola,MIA,15,59,79,575,1,38.3,220,27,9.7,5.266666666666667,2018
340,Danny Amendola,DET,15,62,97,678,1,45.2,218,36,10.9,6.466666666666667,2019
341,Danny Amendola,DET,14,46,69,602,0,43.0,296,30,13.1,4.928571428571429,2020
342,Danny Amendola,HOU,8,24,38,248,3,31.0,105,10,10.3,4.75,2021
343,Dante Pettis,SF,12,27,45,467,5,38.9,205,19,17.3,3.75,2018
344,Dante Pettis,CHI,17,19,41,245,3,14.4,63,9,12.9,4.1,2022
345,Dare Ogunbowale,TB,16,35,46,286,0,17.9,212,14,8.2,2.875,2019
346,Dare Ogunbowale,HOU,17,19,28,198,1,11.6,168,8,10.4,1.75,2024
347,Darius Slayton,NYG,14,48,84,740,8,52.9,198,32,15.4,6.0,2019
348,Darius Slayton,NYG,16,50,96,751,3,46.9,164,40,15.0,6.0,2020
349,Darius Slayton,NYG,13,26,58,339,2,26.1,65,14,13.0,4.461538461538462,2021
350,Darius Slayton,NYG,16,46,71,724,2,45.3,262,30,15.7,4.4375,2022
351,Darius Slayton,NYG,17,50,79,770,4,45.3,298,29,15.4,4.9375,2023
352,Darius Slayton,NYG,16,39,71,573,2,35.8,124,30,14.7,4.176470588235294,2024
353,Darnell Mooney,CHI,16,61,98,631,4,39.4,338,33,10.3,6.125,2020
354,Darnell Mooney,CHI,17,81,140,"1,055",4,62.1,381,49,13.0,8.235294117647058,2021
355,Darnell Mooney,CHI,12,40,61,493,2,41.1,164,20,12.3,7.625,2022
356,Darnell Mooney,CHI,15,31,61,414,1,27.6,181,20,13.4,6.1,2023
357,Darnell Mooney,ATL,16,64,106,992,5,62.0,276,48,15.5,6.625,2024
358,Darnell Washington,PIT,17,19,25,200,1,11.8,126,9,10.5,2.7777777777777777,2024
359,Darrel Williams,KC,17,47,57,452,2,26.6,435,19,9.6,3.3529411764705883,2021
360,Darren Fells,HOU,16,34,48,341,7,21.3,169,22,10.0,3.0,2019
361,Darren Fells,HOU,16,21,28,312,4,19.5,173,16,14.9,1.75,2020
362,Darren Waller,OAK,16,90,117,"1,145",3,71.6,601,53,12.7,7.3125,2019
363,Darren Waller,LV,16,107,145,"1,196",9,74.8,583,69,11.2,9.0625,2020
364,Darren Waller,LV,11,55,93,665,2,60.5,242,31,12.1,8.454545454545455,2021
365,Darren Waller,LV,9,28,43,388,3,43.1,80,18,13.9,3.909090909090909,2022
366,Darren Waller,NYG,12,52,74,552,1,46.0,211,25,10.6,4.625,2023
367,Davante Adams,GB,15,111,169,"1,386",13,92.4,498,64,12.5,11.266666666666667,2018
368,Davante Adams,GB,12,83,127,997,5,83.1,393,54,12.0,10.583333333333334,2019
369,Davante Adams,GB,14,115,149,"1,374",18,98.1,592,73,11.9,10.642857142857142,2020
370,Davante Adams,GB,16,123,169,"1,553",11,97.1,604,84,12.6,10.5625,2021
371,Davante Adams,LV,17,100,180,"1,516",14,89.2,493,65,15.2,12.857142857142858,2022
372,Davante Adams,LV,17,103,175,"1,144",8,67.3,336,59,11.1,10.9375,2023
373,Davante Adams,LV/NYJ,14,85,141,"1,063",8,75.9,473,49,12.5,8.294117647058824,2024
374,David Bell,CLE,16,24,35,214,0,13.4,75,7,8.9,2.1875,2022
375,David Johnson,ARI,16,50,76,446,3,27.9,395,22,8.9,4.75,2018
376,David Johnson,ARI,13,36,47,370,4,28.5,232,17,10.3,3.6153846153846154,2019
377,David Johnson,HOU,12,33,46,314,2,26.2,244,16,9.5,3.8333333333333335,2020
378,David Johnson,HOU,13,32,42,225,1,17.3,191,11,7.0,3.230769230769231,2021
379,David Montgomery,CHI,15,54,68,438,2,29.2,410,25,8.1,4.533333333333333,2020
380,David Montgomery,CHI,13,42,51,301,0,23.2,273,18,7.2,3.923076923076923,2021
381,David Montgomery,CHI,16,34,40,316,1,19.8,283,10,9.3,2.5,2022
382,David Montgomery,DET,14,36,38,341,0,24.4,365,16,9.5,2.533333333333333,2024
383,David Moore,SEA,16,26,53,445,5,27.8,93,19,17.1,3.3125,2018
384,David Moore,SEA,14,17,34,301,2,21.5,134,14,17.7,2.4285714285714284,2019
385,David Moore,SEA,16,35,47,417,6,26.1,173,18,11.9,2.9375,2020
386,David Moore,CAR,17,32,57,351,3,20.6,60,18,11.0,4.384615384615385,2024
387,David Njoku,CLE,16,56,88,639,4,39.9,305,27,11.4,5.5,2018
388,David Njoku,CLE,13,19,29,213,2,16.4,84,13,11.2,2.230769230769231,2020
389,David Njoku,CLE,16,36,53,475,4,29.7,247,17,13.2,3.3125,2021
390,David Njoku,CLE,14,58,80,628,4,44.9,338,36,10.8,5.0,2022
391,David Njoku,CLE,16,81,123,882,6,55.1,599,35,10.9,7.6875,2023
392,David Njoku,CLE,11,64,97,505,5,45.9,251,23,7.9,6.0625,2024
393,Dawson Knox,BUF,15,28,50,388,2,25.9,149,15,13.9,3.3333333333333335,2019
394,Dawson Knox,BUF,12,24,44,288,3,24.0,171,14,12.0,3.6666666666666665,2020
395,Dawson Knox,BUF,15,49,71,587,9,39.1,277,31,12.0,4.733333333333333,2021
396,Dawson Knox,BUF,15,48,65,517,6,34.5,193,25,10.8,4.0625,2022
397,Dawson Knox,BUF,16,22,33,311,1,19.4,94,12,14.1,2.0625,2024
398,De'Von Achane,MIA,11,27,37,197,3,17.9,262,10,7.3,3.7,2023
399,De'Von Achane,MIA,17,78,87,592,6,34.8,665,30,7.6,5.4375,2024
400,DeAndre Carter,HOU/PHI,14,22,25,216,0,15.4,124,10,9.8,1.7857142857142858,2018
401,DeAndre Carter,WSH,17,24,44,296,3,17.4,78,17,12.3,2.588235294117647,2021
402,DeAndre Carter,LAC,17,46,65,538,3,31.6,206,29,11.7,5.416666666666667,2022
403,DeAndre Hopkins,HOU,16,115,163,"1,572",11,98.3,348,81,13.7,10.1875,2018
404,DeAndre Hopkins,HOU,15,104,150,"1,165",7,77.7,393,68,11.2,10.0,2019
405,DeAndre Hopkins,ARI,16,115,160,"1,407",6,87.9,527,75,12.2,10.0,2020
406,DeAndre Hopkins,ARI,9,64,96,717,3,79.7,165,35,11.2,6.4,2022
407,DeAndre Hopkins,TEN,17,75,137,"1,057",7,62.2,223,48,14.1,8.5625,2023
408,DeAndre Hopkins,KC/TEN,16,56,80,610,5,38.1,109,35,10.9,5.333333333333333,2024
409,DeAndre Washington,OAK,16,36,41,292,0,18.3,255,10,8.1,2.5625,2019
410,DeMario Douglas,NE,14,49,79,561,0,40.1,336,26,11.4,4.9375,2023
411,DeMario Douglas,NE,17,66,87,621,3,36.5,361,31,9.4,5.4375,2024
412,DeSean Jackson,TB,12,41,74,774,4,64.5,181,31,18.9,6.166666666666667,2018
413,DeSean Jackson,PHI,5,14,26,236,1,47.2,67,10,16.9,5.2,2020
414,DeSean Jackson,LV/LAR,16,20,34,454,2,28.4,175,12,22.7,2.125,2021
415,DeVante Parker,MIA,11,24,47,309,1,28.1,96,14,12.9,4.2727272727272725,2018
416,DeVante Parker,MIA,16,72,128,"1,202",9,75.1,291,58,16.7,8.0,2019
417,DeVante Parker,MIA,14,63,103,793,4,56.6,178,45,12.6,7.357142857142857,2020
418,DeVante Parker,MIA,10,40,73,515,2,51.5,104,29,12.9,7.3,2021
419,DeVante Parker,NE,13,31,47,539,3,41.5,105,25,17.4,4.7,2022
420,DeVante Parker,NE,13,33,55,394,0,30.3,126,17,11.9,4.230769230769231,2023
421,DeVonta Smith,PHI,17,64,104,916,5,53.9,220,43,14.3,6.117647058823529,2021
422,DeVonta Smith,PHI,17,95,136,"1,196",7,70.4,476,57,12.6,9.066666666666666,2022
423,DeVonta Smith,PHI,16,81,112,"1,066",7,66.6,294,47,13.2,8.0,2023
424,DeVonta Smith,PHI,13,68,89,833,8,64.1,299,42,12.3,5.933333333333334,2024
425,Dede Westbrook,JAX,16,66,101,717,5,44.8,361,38,10.9,6.3125,2018
426,Dede Westbrook,JAX,15,66,101,660,3,44.0,316,31,10.0,6.733333333333333,2019
427,Deebo Samuel Sr.,SF,15,57,81,802,3,53.5,481,32,14.1,5.4,2019
428,Deebo Samuel Sr.,SF,7,33,44,391,1,55.9,401,19,11.8,6.285714285714286,2020
429,Deebo Samuel Sr.,SF,16,77,121,"1,405",6,87.8,780,51,18.2,7.5625,2021
430,Deebo Samuel Sr.,SF,13,56,94,632,2,48.6,493,25,11.3,6.266666666666667,2022
431,Deebo Samuel Sr.,SF,15,60,89,892,7,59.5,527,34,14.9,5.933333333333334,2023
432,Deebo Samuel Sr.,SF,15,51,81,670,3,44.7,421,28,13.1,5.0625,2024
433,Delanie Walker,TEN,7,21,31,215,2,30.7,73,11,10.2,4.428571428571429,2019
434,Demarcus Robinson,KC,16,22,33,288,4,18.0,67,12,13.1,2.0625,2018
435,Demarcus Robinson,KC,16,32,55,449,4,28.1,105,19,14.0,3.4375,2019
436,Demarcus Robinson,KC,16,45,59,466,3,29.1,165,26,10.4,3.6875,2020
437,Demarcus Robinson,KC,17,25,41,264,3,15.5,62,13,10.6,2.411764705882353,2021
438,Demarcus Robinson,BAL,17,48,75,458,2,26.9,150,23,9.5,4.6875,2022
439,Demarcus Robinson,LAR,16,26,39,371,4,23.2,89,20,14.3,3.5454545454545454,2023
440,Demarcus Robinson,LAR,17,31,64,505,7,29.7,71,27,16.3,6.4,2024
441,Demaryius Thomas,HOU/DEN,15,59,89,677,5,45.1,287,37,11.5,5.933333333333334,2018
442,Demaryius Thomas,NYJ,11,36,58,433,1,39.4,176,22,12.0,5.2727272727272725,2019
443,Demetric Felton,CLE,16,18,21,181,2,11.3,201,10,10.1,1.3125,2021
444,Denzel Mims,NYJ,9,23,44,357,0,39.7,105,15,15.5,4.888888888888889,2020
445,Deon Jackson,IND,16,30,34,209,1,13.1,228,10,7.0,2.6153846153846154,2022
446,Deonte Harty,NO,13,36,59,570,3,43.8,241,23,15.8,4.538461538461538,2021
447,Derrick Henry,TEN,15,18,24,206,2,13.7,240,4,11.4,1.6,2019
448,Derrick Henry,TEN,16,33,41,398,0,24.9,386,11,12.1,3.4166666666666665,2022
449,Derrick Henry,TEN,17,28,36,214,0,12.6,266,7,7.6,2.5714285714285716,2023
450,Devaughn Vele,DEN,13,41,55,475,3,36.5,127,26,11.6,3.235294117647059,2024
451,Devin Duvernay,BAL,16,20,26,201,0,12.6,124,8,10.1,1.625,2020
452,Devin Duvernay,BAL,16,33,47,272,2,17.0,141,14,8.2,2.9375,2021
453,Devin Duvernay,BAL,14,37,49,407,3,29.1,156,19,11.0,3.2666666666666666,2022
454,Devin Funchess,CAR,14,44,79,549,4,39.2,79,35,12.5,5.642857142857143,2018
455,Devin Singletary,BUF,16,38,50,269,0,16.8,279,8,7.1,3.125,2020
456,Devin Singletary,BUF,17,40,50,228,1,13.4,242,11,5.7,2.9411764705882355,2021
457,Devin Singletary,BUF,16,38,52,280,1,17.5,257,15,7.4,3.7142857142857144,2022
458,Devin Singletary,HOU,17,30,38,193,0,11.4,217,7,6.4,2.7142857142857144,2023
459,Devonta Freeman,ATL,14,59,70,410,4,29.3,353,17,6.9,5.0,2019
460,Devonta Freeman,BAL,16,34,42,190,1,11.9,178,9,5.6,2.625,2021
461,Devontae Booker,DEN,16,38,51,275,0,17.2,221,9,7.2,3.1875,2018
462,Devontae Booker,NYG,16,40,45,268,1,16.8,289,11,6.7,2.8125,2021
463,Dion Lewis,TEN,16,59,67,400,1,25.0,473,13,6.8,4.1875,2018
464,Diontae Johnson,PIT,16,59,92,680,5,42.5,307,31,11.5,5.75,2019
465,Diontae Johnson,PIT,15,88,144,923,7,61.5,396,45,10.5,9.6,2020
466,Diontae Johnson,PIT,16,107,169,"1,161",8,72.6,527,59,10.9,10.5625,2021
467,Diontae Johnson,PIT,17,86,147,882,0,51.9,235,45,10.3,9.8,2022
468,Diontae Johnson,PIT,14,51,87,717,5,51.2,261,37,14.1,5.8,2023
469,Diontae Johnson,BAL/HOU/CAR,12,33,67,375,3,31.3,91,21,11.4,3.9411764705882355,2024
470,Donald Parham Jr.,LAC,14,27,41,285,4,20.4,125,22,10.6,2.5625,2023
471,Donovan Peoples-Jones,CLE,12,14,20,304,2,25.3,81,10,21.7,1.6666666666666667,2020
472,Donovan Peoples-Jones,CLE,14,34,58,597,3,42.6,146,26,17.6,4.142857142857143,2021
473,Donovan Peoples-Jones,CLE,17,61,96,839,3,49.4,191,33,13.8,6.857142857142857,2022
474,Dontayvion Wicks,GB,15,39,58,581,4,38.7,211,29,14.9,3.625,2023
475,Dontayvion Wicks,GB,17,39,76,415,5,24.4,139,25,10.6,4.75,2024
476,Donte Moncrief,JAX,16,48,89,668,3,41.8,243,28,13.9,5.5625,2018
477,Dontrelle Inman,IND,9,28,39,304,3,33.8,44,16,10.9,4.333333333333333,2018
478,Doug Baldwin,SEA,13,50,73,618,5,47.5,159,32,12.4,5.615384615384615,2018
479,Drake London,ATL,17,72,117,866,4,50.9,231,48,12.0,9.75,2022
480,Drake London,ATL,16,69,110,905,2,56.6,188,45,13.1,6.875,2023
481,Drake London,ATL,17,100,158,"1,271",9,74.8,327,67,12.7,9.294117647058824,2024
482,Drew Sample,CIN,16,40,53,349,1,21.8,200,16,8.7,3.3125,2020
483,Duke Johnson,CLE,16,47,62,429,3,26.8,385,25,9.1,3.875,2018
484,Duke Johnson,HOU,16,44,62,410,3,25.6,362,18,9.3,3.875,2019
485,Duke Johnson,HOU,11,28,35,249,1,22.6,227,8,8.9,3.1818181818181817,2020
486,Durham Smythe,MIA,15,26,29,208,2,13.9,124,13,8.0,1.9333333333333333,2020
487,Durham Smythe,MIA,17,34,41,357,0,21.0,160,15,10.5,2.411764705882353,2021
488,Durham Smythe,MIA,16,35,43,366,0,22.9,139,22,10.5,3.3076923076923075,2023
489,Dyami Brown,WSH,16,30,40,308,1,19.3,218,13,10.3,3.076923076923077,2024
490,Elijah Moore,NYJ,16,37,65,446,1,27.9,111,22,12.1,4.0625,2022
491,Elijah Moore,CLE,17,59,104,640,2,37.6,191,28,10.8,6.5,2023
492,Elijah Moore,CLE,17,61,102,538,1,31.6,133,25,8.8,6.8,2024
493,Emmanuel Sanders,DEN,12,71,98,868,4,72.3,312,37,12.2,8.166666666666666,2018
494,Emmanuel Sanders,SF/DEN,17,66,97,869,5,51.1,244,41,13.2,5.705882352941177,2019
495,Emmanuel Sanders,NO,14,61,82,726,5,51.9,172,33,11.9,5.857142857142857,2020
496,Emmanuel Sanders,BUF,14,42,72,626,4,44.7,85,31,14.9,5.142857142857143,2021
497,Eno Benjamin,ARI/HOU/NO,15,25,34,193,0,12.9,234,10,7.7,3.090909090909091,2022
498,Equanimeous St. Brown,GB,12,21,36,328,0,27.3,113,13,15.6,3.0,2018
499,Equanimeous St. Brown,CHI,16,21,38,323,1,20.2,98,14,15.4,2.375,2022
500,Eric Ebron,IND,16,66,110,750,13,46.9,238,39,11.4,6.875,2018
501,Eric Ebron,IND,11,31,52,375,3,34.1,165,20,12.1,4.7272727272727275,2019
502,Eric Ebron,PIT,15,56,91,558,5,37.2,197,30,10.0,6.066666666666666,2020
503,Evan Engram,NYG,11,45,64,577,3,52.5,321,22,12.8,5.818181818181818,2018
504,Evan Engram,NYG,8,44,68,467,3,58.4,254,23,10.6,8.5,2019
505,Evan Engram,NYG,16,63,109,654,1,40.9,286,32,10.4,6.8125,2020
506,Evan Engram,NYG,15,46,73,408,3,27.2,185,21,8.9,4.866666666666666,2021
507,Evan Engram,JAX,17,73,98,766,4,45.1,465,33,10.5,6.125,2022
508,Evan Engram,JAX,17,114,143,963,4,56.6,516,47,8.4,13.0,2023
509,Evan Engram,JAX,9,47,64,365,1,40.6,150,17,7.8,3.764705882352941,2024
510,Ezekiel Elliott,DAL,15,77,95,567,3,37.8,580,22,7.4,6.333333333333333,2018
511,Ezekiel Elliott,DAL,16,54,71,420,2,26.3,402,21,7.8,4.4375,2019
512,Ezekiel Elliott,DAL,15,52,71,338,2,22.5,364,20,6.5,4.733333333333333,2020
513,Ezekiel Elliott,DAL,17,47,65,287,2,16.9,295,16,6.1,3.823529411764706,2021
514,Ezekiel Elliott,NE,17,51,65,313,2,18.4,374,12,6.1,4.642857142857143,2023
515,Foster Moreau,LV,17,30,44,373,3,21.9,189,16,12.4,2.588235294117647,2021
516,Foster Moreau,LV,15,33,54,420,2,28.0,237,24,12.7,5.4,2022
517,Foster Moreau,NO,15,21,25,193,1,12.9,96,9,9.2,1.5625,2023
518,Foster Moreau,NO,17,32,43,413,5,24.3,158,21,12.9,2.5294117647058822,2024
519,Freddie Swain,SEA,17,25,40,343,4,20.2,206,12,13.7,2.3529411764705883,2021
520,Gabe Davis,BUF,16,35,62,599,7,37.4,131,27,17.1,3.875,2020
521,Gabe Davis,BUF,16,35,63,549,6,34.3,140,29,15.7,3.9375,2021
522,Gabe Davis,BUF,15,48,93,836,7,55.7,146,35,17.4,6.2,2022
523,Gabe Davis,BUF,17,45,81,746,7,43.9,180,34,16.6,5.785714285714286,2023
524,Gabe Davis,JAX,10,20,42,239,2,23.9,39,13,11.9,3.0,2024
525,Garrett Wilson,NYJ,17,83,147,"1,103",4,64.9,384,56,13.3,9.1875,2022
526,Garrett Wilson,NYJ,17,95,168,"1,042",3,61.3,327,47,11.0,11.2,2023
527,Garrett Wilson,NYJ,17,101,154,"1,104",7,64.9,442,60,10.9,9.625,2024
528,Geoff Swaim,DAL,9,26,32,242,1,26.9,161,11,9.3,3.5555555555555554,2018
529,Geoff Swaim,TEN,16,31,40,210,3,13.1,139,12,6.8,2.5,2021
530,George Kittle,SF,16,88,136,"1,377",5,86.1,784,60,15.6,8.5,2018
531,George Kittle,SF,14,85,107,"1,053",5,75.2,622,53,12.4,7.642857142857143,2019
532,George Kittle,SF,8,48,63,634,2,79.3,296,32,13.2,7.875,2020
533,George Kittle,SF,14,71,94,910,6,65.0,450,42,12.8,6.714285714285714,2021
534,George Kittle,SF,15,60,86,765,11,51.0,382,36,12.8,5.733333333333333,2022
535,George Kittle,SF,16,65,90,"1,020",6,63.8,483,42,15.7,5.625,2023
536,George Kittle,SF,15,78,94,"1,106",8,73.7,522,50,14.2,5.875,2024
537,George Pickens,PIT,17,52,84,801,4,47.1,104,38,15.4,5.6,2022
538,George Pickens,PIT,17,63,106,"1,140",5,67.1,388,42,18.1,7.571428571428571,2023
539,George Pickens,PIT,14,59,103,900,3,64.3,215,37,15.3,6.0588235294117645,2024
540,Gerald Everett,LAR,16,33,50,320,3,20.0,149,17,9.7,3.125,2018
541,Gerald Everett,LAR,13,37,60,408,2,31.4,180,22,11.0,4.615384615384615,2019
542,Gerald Everett,LAR,16,41,62,417,1,26.1,244,24,10.2,3.875,2020
543,Gerald Everett,SEA,15,48,63,478,4,31.9,249,26,10.0,4.2,2021
544,Gerald Everett,LAC,16,58,87,555,4,34.7,326,29,9.6,5.8,2022
545,Gerald Everett,LAC,15,51,70,411,3,27.4,275,25,8.1,4.375,2023
546,Geronimo Allison,GB,5,20,30,303,2,60.6,113,11,15.1,6.0,2018
547,Geronimo Allison,GB,16,34,55,287,2,17.9,118,16,8.4,3.4375,2019
548,Giovani Bernard,CIN,12,35,48,218,0,18.2,230,8,6.2,4.0,2018
549,Giovani Bernard,CIN,16,30,43,234,0,14.6,220,7,7.8,2.6875,2019
550,Giovani Bernard,CIN,16,47,59,355,3,22.2,363,15,7.6,3.6875,2020
551,Golden Tate,DET/PHI,15,74,113,795,4,53.0,411,33,10.7,7.533333333333333,2018
552,Golden Tate,NYG,11,49,85,676,6,61.5,289,30,13.8,7.7272727272727275,2019
553,Golden Tate,NYG,12,35,52,388,2,32.3,81,19,11.1,4.333333333333333,2020
554,Grant Calcaterra,PHI,17,24,30,298,1,17.5,126,15,12.4,2.142857142857143,2024
555,Greg Dortch,ARI,16,52,64,467,2,29.2,293,19,9.0,4.0,2022
556,Greg Dortch,ARI,16,24,41,280,2,17.5,152,14,11.7,3.4166666666666665,2023
557,Greg Dortch,ARI,17,37,50,342,3,20.1,294,16,9.2,2.9411764705882355,2024
558,Greg Dulcich,DEN,10,33,55,411,2,41.1,155,18,12.5,3.9285714285714284,2022
559,Greg Olsen,CAR,9,27,38,291,4,32.3,91,18,10.8,4.222222222222222,2018
560,Greg Olsen,CAR,14,52,82,597,2,42.6,217,34,11.5,5.857142857142857,2019
561,Greg Olsen,SEA,11,24,37,239,1,21.7,56,16,10.0,3.3636363636363638,2020
562,Greg Ward,PHI,7,28,40,254,1,36.3,105,18,9.1,5.714285714285714,2019
563,Greg Ward,PHI,16,53,79,419,6,26.2,165,24,7.9,4.9375,2020
564,Harrison Bryant,CLE,15,24,38,238,3,15.9,118,14,9.9,2.533333333333333,2020
565,Harrison Bryant,CLE,16,21,28,233,3,14.6,79,14,11.1,1.75,2021
566,Harrison Bryant,CLE,17,31,42,239,1,14.1,113,12,7.7,5.25,2022
567,Hayden Hurst,BAL,16,30,39,349,2,21.8,155,16,11.6,2.4375,2019
568,Hayden Hurst,ATL,16,56,88,571,6,35.7,257,35,10.2,5.5,2020
569,Hayden Hurst,ATL,13,26,31,221,3,17.0,89,11,8.5,2.3846153846153846,2021
570,Hayden Hurst,CIN,13,52,68,414,2,31.8,192,26,8.0,4.25,2022
571,Henry Ruggs III,LV,13,26,43,452,2,34.8,153,13,17.4,3.3076923076923075,2020
572,Hollywood Brown,BAL,14,46,71,584,7,41.7,237,24,12.7,5.071428571428571,2019
573,Hollywood Brown,BAL,16,58,100,769,8,48.1,270,35,13.3,6.25,2020
574,Hollywood Brown,BAL,16,91,146,"1,008",6,63.0,388,41,11.1,9.125,2021
575,Hollywood Brown,ARI,12,67,107,709,3,59.1,236,33,10.6,8.23076923076923,2022
576,Hollywood Brown,ARI,14,51,101,574,4,41.0,164,32,11.3,7.214285714285714,2023
577,Hunter Henry,LAC,12,55,76,652,5,54.3,174,36,11.9,6.333333333333333,2019
578,Hunter Henry,LAC,14,60,93,613,4,43.8,241,35,10.2,6.642857142857143,2020
579,Hunter Henry,NE,17,50,75,603,9,35.5,144,34,12.1,4.411764705882353,2021
580,Hunter Henry,NE,17,41,59,509,2,29.9,203,23,12.4,3.933333333333333,2022
581,Hunter Henry,NE,14,42,61,419,6,29.9,78,29,10.0,4.066666666666666,2023
582,Hunter Henry,NE,16,66,97,674,2,42.1,268,40,10.2,8.818181818181818,2024
583,Hunter Renfrow,OAK,13,49,71,605,4,46.5,327,31,12.3,5.461538461538462,2019
584,Hunter Renfrow,LV,16,56,77,656,2,41.0,355,32,11.7,4.8125,2020
585,Hunter Renfrow,LV,17,103,128,"1,038",9,61.1,452,51,10.1,7.529411764705882,2021
586,Hunter Renfrow,LV,10,36,50,330,2,33.0,148,18,9.2,3.125,2022
587,Hunter Renfrow,LV,17,25,37,255,0,15.0,152,11,10.2,3.0833333333333335,2023
588,Ian Thomas,CAR,16,36,49,333,2,20.8,109,20,9.3,3.0625,2018
589,Ian Thomas,CAR,17,18,30,188,0,11.1,92,6,10.4,1.7647058823529411,2021
590,Ian Thomas,CAR,17,21,30,197,0,11.6,182,8,9.4,2.0,2022
591,Irv Smith Jr.,MIN,16,36,47,311,2,19.4,136,17,8.6,2.9375,2019
592,Irv Smith Jr.,MIN,13,30,43,365,5,28.1,128,22,12.2,3.3076923076923075,2020
593,Isaiah Ford,MIA,8,23,35,244,0,30.5,86,16,10.6,4.375,2019
594,Isaiah Ford,MIA,10,28,44,276,0,27.6,72,18,9.9,4.4,2020
595,Isaiah Hodgins,BUF/NYG,10,37,48,392,4,39.2,88,24,10.6,4.0,2022
596,Isaiah Hodgins,NYG,17,21,33,230,3,13.5,75,12,11.0,2.5384615384615383,2023
597,Isaiah Likely,BAL,16,36,60,373,3,23.3,151,18,10.4,4.0,2022
598,Isaiah Likely,BAL,17,30,40,411,5,24.2,216,15,13.7,2.5,2023
599,Isaiah Likely,BAL,16,42,58,477,6,29.8,256,26,11.4,4.833333333333333,2024
600,Isaiah McKenzie,BUF,15,27,39,254,1,16.9,207,12,9.4,2.6,2019
601,Isaiah McKenzie,BUF,16,30,34,282,5,17.6,193,17,9.4,2.125,2020
602,Isaiah McKenzie,BUF,15,20,26,178,1,11.9,81,13,8.9,1.7333333333333334,2021
603,Isaiah McKenzie,BUF,15,42,65,423,4,28.2,128,27,10.1,4.0625,2022
604,Isiah Pacheco,KC,14,44,49,244,2,17.4,359,12,5.5,3.5,2023
605,J.D. McKissic,DET,16,34,42,233,1,14.6,240,7,6.9,2.625,2019
606,J.D. McKissic,WSH,16,80,110,589,2,36.8,510,32,7.4,6.875,2020
607,Ja'Marr Chase,CIN,17,81,128,"1,455",13,85.6,651,56,18.0,7.529411764705882,2021
608,Ja'Marr Chase,CIN,12,87,134,"1,046",9,87.2,436,58,12.0,8.933333333333334,2022
609,Ja'Marr Chase,CIN,16,100,145,"1,216",7,76.0,541,63,12.2,9.666666666666666,2023
610,Ja'Marr Chase,CIN,17,127,175,"1,708",17,100.5,787,75,13.4,10.294117647058824,2024
611,Ja'Tavion Sanders,CAR,16,33,43,342,1,21.4,185,13,10.4,2.6875,2024
612,Jack Doyle,IND,6,26,33,245,2,40.8,117,14,9.4,5.5,2018
613,Jack Doyle,IND,16,43,72,448,4,28.0,223,29,10.4,4.5,2019
614,Jack Doyle,IND,14,23,33,251,3,17.9,94,13,10.9,2.357142857142857,2020
615,Jack Doyle,IND,17,29,43,302,3,17.8,125,18,10.4,2.5294117647058822,2021
616,Jacob Hollister,SEA,11,41,59,349,3,31.7,174,16,8.5,5.363636363636363,2019
617,Jacob Hollister,SEA,16,25,40,209,3,13.1,74,14,8.4,2.5,2020
618,Jacquizz Rodgers,TB,16,38,45,304,0,19.0,246,13,8.0,2.8125,2018
619,Jahan Dotson,WSH,12,35,61,523,7,43.6,137,26,14.9,4.357142857142857,2022
620,Jahan Dotson,WSH,17,49,83,518,4,30.5,115,27,10.6,5.1875,2023
621,Jahan Dotson,PHI,17,19,33,216,0,12.7,72,12,11.4,2.0625,2024
622,Jahmyr Gibbs,DET,15,52,71,316,1,21.1,314,20,6.1,4.4375,2023
623,Jahmyr Gibbs,DET,17,52,63,517,4,30.4,588,26,9.9,4.2,2024
624,Jake Bobo,SEA,17,19,25,196,2,11.5,87,9,10.3,1.5625,2023
625,Jake Ferguson,DAL,17,71,102,761,5,44.8,425,40,10.7,8.5,2023
626,Jake Ferguson,DAL,14,59,86,494,0,35.3,309,18,8.4,6.615384615384615,2024
627,Jake Kumerow,GB,14,12,21,219,1,15.6,92,8,18.3,1.5,2019
628,Jakeem Grant Sr.,MIA,10,21,34,268,2,26.8,139,13,12.8,3.4,2018
629,Jakeem Grant Sr.,MIA,14,36,54,373,1,26.6,175,22,10.4,3.857142857142857,2020
630,Jakobi Meyers,NE,15,26,41,359,0,23.9,123,17,13.8,2.7333333333333334,2019
631,Jakobi Meyers,NE,14,59,81,729,0,52.1,224,37,12.4,5.785714285714286,2020
632,Jakobi Meyers,NE,17,83,126,866,2,50.9,222,42,10.4,7.411764705882353,2021
633,Jakobi Meyers,NE,14,67,96,804,6,57.4,238,38,12.0,8.0,2022
634,Jakobi Meyers,LV,16,71,106,807,8,50.4,242,46,11.4,11.777777777777779,2023
635,Jakobi Meyers,LV,15,87,129,"1,027",4,68.5,293,52,11.8,7.588235294117647,2024
636,Jalen Coker,CAR,11,32,46,478,2,43.5,171,23,14.9,4.6,2024
637,Jalen Guyton,LAC,16,28,55,511,3,31.9,188,18,18.3,3.4375,2020
638,Jalen Guyton,LAC,16,31,48,448,3,28.0,149,21,14.5,3.0,2021
639,Jalen McMillan,TB,13,37,58,461,8,35.5,133,23,12.5,4.833333333333333,2024
640,Jalen Nailor,MIN,17,28,42,414,6,24.4,106,22,14.8,2.4705882352941178,2024
641,Jalen Reagor,PHI,11,31,54,396,1,36.0,176,19,12.8,4.909090909090909,2020
642,Jalen Reagor,PHI,17,33,57,299,2,17.6,151,13,9.1,3.3529411764705883,2021
643,Jalen Richard,OAK,16,68,81,607,0,37.9,502,23,8.9,5.0625,2018
644,Jalen Richard,OAK,16,36,43,323,0,20.2,249,15,9.0,2.6875,2019
645,Jalen Tolbert,DAL,17,22,36,268,2,15.8,34,13,12.2,2.4,2023
646,Jalen Tolbert,DAL,17,49,79,610,7,35.9,166,29,12.4,4.9375,2024
647,Jalin Hyatt,NYG,17,23,40,373,0,21.9,48,11,16.2,2.6666666666666665,2023
648,Jamaal Williams,GB,16,27,41,210,0,13.1,218,11,7.8,2.5625,2018
649,Jamaal Williams,GB,14,39,45,253,5,18.1,282,16,6.5,3.2142857142857144,2019
650,Jamaal Williams,GB,14,31,35,236,1,16.9,220,11,7.6,2.5,2020
651,Jamal Agnew,JAX,11,14,21,225,1,20.5,76,8,16.1,1.3125,2023
652,James Conner,PIT,13,55,71,497,1,38.2,541,20,9.0,5.461538461538462,2018
653,James Conner,PIT,10,34,38,251,3,25.1,297,14,7.4,3.8,2019
654,James Conner,PIT,13,35,43,215,0,16.5,234,10,6.1,3.3076923076923075,2020
655,James Conner,ARI,15,37,39,375,3,25.0,382,18,10.1,2.6,2021
656,James Conner,ARI,13,46,58,300,1,23.1,376,13,6.5,3.625,2022
657,James Conner,ARI,16,47,55,414,1,25.9,483,17,8.8,3.235294117647059,2024
658,James Cook,BUF,17,44,54,445,4,26.2,398,16,10.1,4.153846153846154,2023
659,James Cook,BUF,16,32,38,258,2,16.1,260,14,8.1,2.235294117647059,2024
660,James O'Shaughnessy,JAX,14,24,38,214,0,15.3,115,10,8.9,2.7142857142857144,2018
661,James O'Shaughnessy,JAX,15,28,38,262,0,17.5,100,12,9.4,2.533333333333333,2020
662,James O'Shaughnessy,JAX,7,24,34,244,0,34.9,114,10,10.2,4.857142857142857,2021
663,James Proche II,BAL,14,16,20,202,0,14.4,55,10,12.6,1.4285714285714286,2021
664,James Robinson,JAX,14,49,60,344,3,24.6,394,15,7.0,4.285714285714286,2020
665,James Washington,PIT,14,16,38,217,1,15.5,86,10,13.6,2.7142857142857144,2018
666,James Washington,PIT,15,44,80,735,3,49.0,203,31,16.7,5.333333333333333,2019
667,James Washington,PIT,16,30,56,392,5,24.5,139,19,13.1,3.5,2020
668,James White,NE,16,87,123,751,7,46.9,667,38,8.6,7.6875,2018
669,James White,NE,15,72,95,645,5,43.0,541,31,9.0,6.333333333333333,2019
670,James White,NE,14,49,62,375,1,26.8,403,20,7.7,4.428571428571429,2020
671,Jameson Williams,DET,12,24,42,354,2,29.5,105,14,14.8,3.0,2023
672,Jameson Williams,DET,15,58,91,"1,001",7,66.7,497,41,17.3,5.6875,2024
673,Jamison Crowder,WSH,9,29,49,388,2,43.1,209,15,13.4,5.444444444444445,2018
674,Jamison Crowder,NYJ,16,78,122,833,6,52.1,357,41,10.7,7.625,2019
675,Jamison Crowder,NYJ,12,59,89,699,6,58.3,327,32,11.8,7.416666666666667,2020
676,Jamison Crowder,NYJ,12,51,71,447,2,37.3,174,22,8.8,5.916666666666667,2021
677,Jared Cook,OAK,16,68,101,896,6,56.0,368,46,13.2,6.3125,2018
678,Jared Cook,NO,14,43,65,705,9,50.4,258,32,16.4,4.642857142857143,2019
679,Jared Cook,NO,15,37,60,504,7,33.6,116,27,13.6,4.0,2020
680,Jared Cook,LAC,16,48,83,564,4,35.3,238,31,11.8,5.1875,2021
681,Jarius Wright,CAR,16,43,59,447,1,27.9,201,25,10.4,3.6875,2018
682,Jarius Wright,CAR,16,28,58,296,0,18.5,92,16,10.6,3.625,2019
683,Jaron Brown,SEA,14,16,28,220,2,15.7,64,10,13.8,2.0,2019
684,Jarvis Landry,CLE,16,81,149,976,4,61.0,258,44,12.0,9.3125,2018
685,Jarvis Landry,CLE,16,83,138,"1,174",6,73.4,440,55,14.1,8.625,2019
686,Jarvis Landry,CLE,15,72,101,840,3,56.0,345,46,11.7,6.733333333333333,2020
687,Jarvis Landry,CLE,12,52,87,570,2,47.5,273,29,11.0,7.25,2021
688,Jarvis Landry,NO,9,25,39,272,1,30.2,61,12,10.9,4.333333333333333,2022
689,Jason Croom,BUF,15,22,35,259,1,17.3,117,10,11.8,2.3333333333333335,2018
690,Jason Witten,DAL,16,63,83,529,4,33.1,171,27,8.4,5.1875,2019
691,Jauan Jennings,SF,16,24,38,282,5,17.6,103,15,11.8,2.375,2021
692,Jauan Jennings,SF,16,35,56,416,1,26.0,176,23,11.9,4.0,2022
693,Jauan Jennings,SF,13,19,33,265,1,20.4,89,12,13.9,2.5384615384615383,2023
694,Jauan Jennings,SF,15,77,113,975,6,65.0,238,47,12.7,6.647058823529412,2024
695,Javonte Williams,DEN,17,43,53,316,3,18.6,343,12,7.3,3.1176470588235294,2021
696,Javonte Williams,DEN,16,47,58,228,2,14.3,301,10,4.9,4.142857142857143,2023
697,Javonte Williams,DEN,17,52,70,346,0,20.4,395,14,6.7,4.117647058823529,2024
698,Jaxon Smith-Njigba,SEA,17,63,93,628,4,36.9,366,29,10.0,5.8125,2023
699,Jaxon Smith-Njigba,SEA,17,100,137,"1,130",6,66.5,477,55,11.3,8.5625,2024
700,Jayden Reed,GB,16,64,94,793,8,49.6,335,32,12.4,5.875,2023
701,Jayden Reed,GB,17,55,75,857,6,50.4,380,29,15.6,4.411764705882353,2024
702,Jaylen Samuels,PIT,14,47,57,305,1,21.8,372,19,6.5,4.071428571428571,2019
703,Jaylen Waddle,MIA,16,104,140,"1,015",6,63.4,439,59,9.8,8.75,2021
704,Jaylen Waddle,MIA,17,75,117,"1,356",8,79.8,510,60,18.1,7.3125,2022
705,Jaylen Waddle,MIA,14,72,104,"1,014",4,72.4,421,47,14.1,6.933333333333334,2023
706,Jaylen Waddle,MIA,15,58,83,744,2,49.6,236,38,12.8,4.882352941176471,2024
707,Jaylen Warren,PIT,16,28,33,214,0,13.4,225,14,7.6,3.0,2022
708,Jaylen Warren,PIT,17,61,74,370,0,21.8,486,19,6.1,4.625,2023
709,Jaylen Warren,PIT,15,38,47,310,0,20.7,315,16,8.2,2.764705882352941,2024
710,Jeff Heuerman,DEN,11,31,48,281,2,25.5,151,14,9.1,4.363636363636363,2018
711,Jelani Woods,IND,15,25,40,312,3,20.8,120,16,12.5,2.857142857142857,2022
712,Jeremy Sprinkle,WSH,16,26,40,241,1,15.1,102,13,9.3,2.5,2019
713,Jerick McKinnon,SF,16,33,46,253,1,15.8,180,12,7.7,2.875,2020
714,Jerick McKinnon,KC,17,56,71,512,9,30.1,541,28,9.1,4.4375,2022
715,Jermaine Kearse,NYJ,14,37,76,371,1,26.5,130,20,10.0,5.428571428571429,2018
716,Jerome Ford,CLE,17,44,63,319,5,18.8,304,16,7.3,4.5,2023
717,Jerome Ford,CLE,14,37,43,225,0,16.1,294,10,6.1,2.6875,2024
718,Jerry Jeudy,DEN,16,52,113,856,3,53.5,291,39,16.5,7.0625,2020
719,Jerry Jeudy,DEN,10,38,56,467,0,46.7,185,22,12.3,5.6,2021
720,Jerry Jeudy,DEN,15,67,100,972,6,64.8,392,41,14.5,7.142857142857143,2022
721,Jerry Jeudy,DEN,16,54,87,758,2,47.4,323,28,14.0,5.8,2023
722,Jerry Jeudy,CLE,17,90,145,"1,229",4,72.3,387,57,13.7,8.529411764705882,2024
723,Jesse James,PIT,16,30,39,423,2,26.4,196,17,14.1,2.4375,2018
724,Jimmy Graham,GB,16,55,89,636,2,39.8,260,32,11.6,5.5625,2018
725,Jimmy Graham,GB,16,38,60,447,3,27.9,256,23,11.8,3.75,2019
726,Jimmy Graham,CHI,16,50,76,456,8,28.5,206,32,9.1,4.75,2020
727,Joe Mixon,CIN,14,43,55,296,1,21.1,332,14,6.9,3.9285714285714284,2018
728,Joe Mixon,CIN,16,35,45,287,3,17.9,335,14,8.2,2.8125,2019
729,Joe Mixon,CIN,16,42,48,314,3,19.6,318,11,7.5,3.0,2021
730,Joe Mixon,CIN,14,60,75,441,2,31.5,468,16,7.3,5.769230769230769,2022
731,Joe Mixon,CIN,17,52,64,376,3,22.1,463,14,7.2,5.818181818181818,2023
732,Joe Mixon,HOU,14,36,52,309,1,22.1,360,12,8.6,4.0,2024
733,John Bates,WSH,17,20,25,249,1,14.6,139,11,12.4,1.4705882352941178,2021
734,John Brown,BAL,16,42,97,715,5,44.7,167,28,17.0,6.0625,2018
735,John Brown,BUF,15,72,115,"1,060",6,70.7,217,53,14.7,7.666666666666667,2019
736,John Brown,BUF,9,33,52,458,3,50.9,172,22,13.9,5.777777777777778,2020
737,John Metchie III,HOU,13,24,37,254,1,19.5,69,11,10.6,2.176470588235294,2024
738,John Ross,CIN,13,21,58,210,7,16.2,61,13,10.0,4.461538461538462,2018
739,John Ross,CIN,8,28,56,506,3,63.3,200,22,18.1,7.0,2019
740,John Ross,NYG,10,11,20,224,1,22.4,40,8,20.4,2.0,2021
741,Jonathan Mingo,CAR,15,43,85,418,0,27.9,155,15,9.7,6.538461538461538,2023
742,Jonathan Taylor,IND,15,36,39,299,1,19.9,364,12,8.3,2.6,2020
743,Jonathan Taylor,IND,17,40,51,360,2,21.2,406,12,9.0,3.0,2021
744,Jonnu Smith,TEN,13,20,30,258,3,19.8,185,10,12.9,2.3076923076923075,2018
745,Jonnu Smith,TEN,16,35,44,439,3,27.4,284,16,12.5,2.75,2019
746,Jonnu Smith,TEN,15,41,65,448,8,29.9,242,25,10.9,4.333333333333333,2020
747,Jonnu Smith,NE,16,28,45,294,1,18.4,232,15,10.5,2.8125,2021
748,Jonnu Smith,NE,14,27,38,245,0,17.5,200,9,9.1,2.7142857142857144,2022
749,Jonnu Smith,ATL,17,50,70,582,3,34.2,357,26,11.6,4.375,2023
750,Jonnu Smith,MIA,17,88,111,884,8,52.0,510,55,10.0,7.4,2024
751,Jordan Addison,MIN,17,70,108,911,10,53.6,262,38,13.0,7.2,2023
752,Jordan Addison,MIN,15,63,99,875,9,58.3,213,39,13.9,6.1875,2024
753,Jordan Akins,HOU,16,17,25,225,0,14.1,119,11,13.2,1.5625,2018
754,Jordan Akins,HOU,16,36,55,418,2,26.1,244,21,11.6,3.4375,2019
755,Jordan Akins,HOU,13,37,49,403,1,31.0,171,20,10.9,3.769230769230769,2020
756,Jordan Akins,HOU,13,24,33,214,0,16.5,81,11,8.9,2.5384615384615383,2021
757,Jordan Akins,HOU,15,37,54,495,5,33.0,270,23,13.4,3.375,2022
758,Jordan Akins,CLE,17,40,58,390,2,22.9,187,20,9.8,4.142857142857143,2024
759,Jordan Matthews,PHI,14,20,28,300,2,21.4,91,14,15.0,2.0,2018
760,Jordan Reed,WSH,13,54,84,558,2,42.9,246,26,10.3,6.461538461538462,2018
761,Jordan Reed,SF,10,26,46,231,4,23.1,84,16,8.9,4.6,2020
762,Jordan Thomas,HOU,16,20,27,215,4,13.4,100,12,10.8,1.6875,2018
763,Jordan Whittington,LAR,15,22,28,293,0,19.5,203,14,13.3,1.6470588235294117,2024
764,Jordy Nelson,OAK,15,63,88,739,3,49.3,223,36,11.7,5.866666666666666,2018
765,Josh Doctson,WSH,15,44,78,532,2,35.5,109,31,12.1,5.2,2018
766,Josh Downs,IND,17,68,98,771,2,45.4,371,30,11.3,6.533333333333333,2023
767,Josh Downs,IND,14,72,107,803,5,57.4,396,40,11.2,6.294117647058823,2024
768,Josh Gordon,CLE/NE,12,41,71,737,4,61.4,283,30,18.0,5.916666666666667,2018
769,Josh Gordon,SEA/NE,11,27,47,426,1,38.7,158,16,15.8,4.2727272727272725,2019
770,Josh Hill,NO,16,25,35,226,3,14.1,161,13,9.0,2.1875,2019
771,Josh Jacobs,LV,15,33,45,238,0,15.9,246,9,7.2,3.0,2020
772,Josh Jacobs,LV,15,54,64,348,0,23.2,395,14,6.4,4.266666666666667,2021
773,Josh Jacobs,LV,17,53,64,400,0,23.5,374,16,7.5,5.818181818181818,2022
774,Josh Jacobs,LV,13,37,54,296,0,22.8,293,15,8.0,9.0,2023
775,Josh Jacobs,GB,17,36,43,342,1,20.1,403,15,9.5,2.6875,2024
776,Josh Oliver,MIN,17,22,28,213,2,12.5,162,12,9.7,2.1538461538461537,2023
777,Josh Oliver,MIN,15,22,28,258,3,17.2,129,14,11.7,2.1538461538461537,2024
778,Josh Reynolds,LAR,16,29,53,402,5,25.1,124,23,13.9,3.3125,2018
779,Josh Reynolds,LAR,16,21,43,326,1,20.4,145,15,15.5,2.6875,2019
780,Josh Reynolds,LAR,16,52,81,618,2,38.6,220,31,11.9,5.0625,2020
781,Josh Reynolds,DET/TEN,12,29,49,396,2,33.0,119,21,13.7,4.083333333333333,2021
782,Josh Reynolds,DET,14,38,59,479,3,34.2,115,25,12.6,3.933333333333333,2022
783,Josh Reynolds,DET,17,40,64,608,5,35.8,173,32,15.2,4.0,2023
784,Josh Reynolds,DEN/JAX,9,13,24,194,1,21.6,35,8,14.9,3.0,2024
785,Josh Whyle,TEN,17,28,37,248,1,14.6,143,14,8.9,2.642857142857143,2024
786,Joshua Palmer,LAC,17,33,49,353,4,20.8,94,18,10.7,2.8823529411764706,2021
787,Joshua Palmer,LAC,16,72,107,769,3,48.1,255,39,10.7,7.133333333333334,2022
788,Joshua Palmer,LAC,11,38,61,581,2,52.8,196,22,15.3,4.357142857142857,2023
789,Joshua Palmer,LAC,15,39,65,584,1,38.9,101,28,15.0,4.0625,2024
790,Josiah Deguara,GB,16,25,33,245,2,15.3,204,9,9.8,2.0625,2021
791,JuJu Smith-Schuster,PIT,16,111,166,"1,426",7,89.1,617,68,12.8,10.375,2018
792,JuJu Smith-Schuster,PIT,12,42,70,552,3,46.0,243,23,13.1,5.833333333333333,2019
793,JuJu Smith-Schuster,PIT,16,97,128,831,9,51.9,405,48,8.6,8.0,2020
794,JuJu Smith-Schuster,KC,16,78,101,933,3,58.3,465,47,12.0,6.3125,2022
795,JuJu Smith-Schuster,NE,11,29,47,260,1,23.6,94,13,9.0,2.9375,2023
796,JuJu Smith-Schuster,KC,14,18,26,231,2,16.5,155,11,12.8,2.0,2024
797,Julian Edelman,NE,12,74,108,850,6,70.8,334,41,11.5,9.0,2018
798,Julian Edelman,NE,16,100,153,"1,117",6,69.8,337,54,11.2,9.5625,2019
799,Julian Edelman,NE,6,21,39,315,0,52.5,76,18,15.0,6.5,2020
800,Julio Jones,ATL,16,113,170,"1,677",8,104.8,448,80,14.8,10.625,2018
801,Julio Jones,ATL,15,99,157,"1,394",6,92.9,360,77,14.1,10.466666666666667,2019
802,Julio Jones,ATL,9,51,68,771,3,85.7,230,36,15.1,7.555555555555555,2020
803,Julio Jones,TEN,10,31,48,434,1,43.4,112,19,14.0,4.8,2021
804,Julio Jones,TB,10,24,43,299,2,29.9,124,13,12.5,2.6875,2022
805,Justice Hill,BAL,16,28,39,206,1,12.9,237,8,7.4,3.0,2023
806,Justice Hill,BAL,15,42,51,383,3,25.5,433,17,9.1,3.0,2024
807,Justin Jackson,LAC,14,22,25,178,0,12.7,165,8,8.1,1.7857142857142858,2021
808,Justin Jefferson,MIN,16,88,125,"1,400",7,87.5,450,58,15.9,7.8125,2020
809,Justin Jefferson,MIN,17,108,167,"1,616",10,95.1,482,75,15.0,9.823529411764707,2021
810,Justin Jefferson,MIN,17,128,184,"1,809",8,106.4,613,80,14.1,11.5,2022
811,Justin Jefferson,MIN,10,68,100,"1,074",5,107.4,260,51,15.8,7.142857142857143,2023
812,Justin Jefferson,MIN,17,103,154,"1,533",10,90.2,496,62,14.9,9.058823529411764,2024
813,Justin Watson,KC,17,15,34,315,2,18.5,60,12,21.0,2.125,2022
814,Justin Watson,KC,16,27,53,460,3,28.8,47,21,17.0,3.533333333333333,2023
815,Justin Watson,KC,17,22,32,289,2,17.0,68,13,13.1,4.571428571428571,2024
816,Juwan Johnson,NO,16,42,65,508,7,31.8,182,25,12.1,4.333333333333333,2022
817,Juwan Johnson,NO,13,37,59,368,4,28.3,145,23,9.9,8.428571428571429,2023
818,Juwan Johnson,NO,17,50,66,548,3,32.2,212,27,11.0,3.8823529411764706,2024
819,K.J. Osborn,MIN,17,50,82,655,7,38.5,179,26,13.1,4.823529411764706,2021
820,K.J. Osborn,MIN,17,60,90,650,5,38.2,300,32,10.8,8.181818181818182,2022
821,K.J. Osborn,MIN,16,48,75,540,3,33.8,185,28,11.3,5.769230769230769,2023
822,KJ Hamler,DEN,13,30,56,381,3,29.3,125,17,12.7,4.3076923076923075,2020
823,KaVontae Turpin,DAL,17,31,52,420,2,24.7,260,18,13.5,3.0588235294117645,2024
824,Kadarius Toney,NYG,10,39,57,420,0,42.0,228,21,10.8,5.7,2021
825,Kaden Smith,NYG,9,31,42,268,3,29.8,89,12,8.6,4.666666666666667,2019
826,Kalif Raymond,DET,16,48,71,576,4,36.0,264,28,12.0,4.4375,2021
827,Kalif Raymond,DET,17,47,64,616,0,36.2,218,24,13.1,4.266666666666667,2022
828,Kalif Raymond,DET,17,35,44,489,1,28.8,214,20,14.0,2.75,2023
829,Kalif Raymond,DET,12,17,22,215,2,17.9,137,10,12.6,1.6923076923076923,2024
830,Kareem Hunt,KC,11,26,35,378,7,34.4,350,17,14.5,3.1818181818181817,2018
831,Kareem Hunt,CLE,8,37,44,285,1,35.6,281,17,7.7,5.5,2019
832,Kareem Hunt,CLE,16,38,51,304,5,19.0,285,19,8.0,3.1875,2020
833,Kareem Hunt,CLE,8,22,27,174,0,21.8,174,10,7.9,3.375,2021
834,Kareem Hunt,CLE,17,35,44,210,1,12.4,243,11,6.0,2.75,2022
835,Kayshon Boutte,NE,15,43,68,589,3,39.3,150,25,13.7,4.533333333333333,2024
836,Keelan Cole Sr.,JAX,16,38,70,491,1,30.7,124,25,12.9,4.375,2018
837,Keelan Cole Sr.,JAX,16,24,35,361,3,22.6,101,19,15.0,2.1875,2019
838,Keelan Cole Sr.,JAX,16,55,88,642,5,40.1,182,34,11.7,5.5,2020
839,Keelan Cole Sr.,NYJ,15,28,51,449,1,29.9,85,20,16.0,3.4,2021
840,Keenan Allen,LAC,16,97,136,"1,196",6,74.8,382,62,12.3,8.5,2018
841,Keenan Allen,LAC,16,104,149,"1,199",6,74.9,368,63,11.5,9.3125,2019
842,Keenan Allen,LAC,14,100,147,992,8,70.9,448,61,9.9,10.5,2020
843,Keenan Allen,LAC,16,106,157,"1,138",6,71.1,337,66,10.7,9.8125,2021
844,Keenan Allen,LAC,10,66,89,752,4,75.2,263,39,11.4,6.846153846153846,2022
845,Keenan Allen,LAC,13,108,150,"1,243",7,95.6,396,56,11.5,10.0,2023
846,Keenan Allen,CHI,15,70,121,744,7,49.6,240,43,10.6,7.117647058823529,2024
847,Keke Coutee,HOU,6,28,41,287,1,47.8,211,13,10.3,6.833333333333333,2018
848,Keke Coutee,HOU,9,22,36,254,0,28.2,137,10,11.5,4.0,2019
849,Keke Coutee,HOU,8,33,40,400,3,50.0,149,18,12.1,5.0,2020
850,Kelvin Benjamin,KC/BUF,15,25,67,380,1,25.3,62,16,15.2,4.466666666666667,2018
851,Kelvin Harmon,WSH,16,30,44,365,0,22.8,98,16,12.2,2.75,2019
852,Kendall Hinton,DEN,16,15,23,175,1,10.9,57,10,11.7,1.4375,2021
853,Kendall Hinton,DEN,12,24,33,311,0,25.9,139,14,13.0,2.357142857142857,2022
854,Kendrick Bourne,SF,16,42,66,487,4,30.4,135,30,11.6,4.125,2018
855,Kendrick Bourne,SF,16,30,44,358,5,22.4,116,23,11.9,2.75,2019
856,Kendrick Bourne,SF,15,49,74,667,2,44.5,221,35,13.6,4.933333333333334,2020
857,Kendrick Bourne,NE,17,55,70,800,5,47.1,385,27,14.5,4.117647058823529,2021
858,Kendrick Bourne,NE,16,35,48,434,1,27.1,145,22,12.4,3.0,2022
859,Kendrick Bourne,NE,8,37,55,406,4,50.8,203,15,11.0,3.4375,2023
860,Kendrick Bourne,NE,12,28,38,305,1,25.4,93,13,10.9,2.235294117647059,2024
861,Kenneth Gainwell,PHI,16,33,50,253,1,15.8,226,14,7.7,3.125,2021
862,Kenneth Walker III,SEA,15,29,37,259,1,17.3,317,9,8.9,4.625,2023
863,Kenneth Walker III,SEA,12,46,53,299,1,24.9,363,19,6.5,3.3125,2024
864,Kenny Golladay,DET,15,70,119,"1,063",5,70.9,355,56,15.2,7.933333333333334,2018
865,Kenny Golladay,DET,16,65,116,"1,190",11,74.4,301,52,18.3,7.25,2019
866,Kenny Golladay,DET,5,20,32,338,2,67.6,46,16,16.9,6.4,2020
867,Kenny Golladay,NYG,14,37,76,521,0,37.2,119,27,14.1,5.428571428571429,2021
868,Kenny Stills,MIA,15,37,64,553,6,36.9,185,27,14.9,4.266666666666667,2018
869,Kenny Stills,HOU,13,40,55,561,4,43.2,141,27,14.0,4.230769230769231,2019
870,Kenyan Drake,MIA,16,53,73,477,5,29.8,327,23,9.0,4.5625,2018
871,Kenyan Drake,ARI/MIA,14,50,68,345,0,24.6,433,15,6.9,4.857142857142857,2019
872,Keon Coleman,BUF,13,29,57,556,4,42.8,215,22,19.2,4.071428571428571,2024
873,Kerryon Johnson,DET,10,32,39,213,1,21.3,266,11,6.7,3.9,2018
874,KhaDarel Hodge,ATL,17,13,20,202,1,11.9,61,7,15.5,1.3333333333333333,2022
875,KhaDarel Hodge,ATL,17,14,23,232,0,13.6,82,13,16.6,1.4375,2023
876,Khalil Shakir,BUF,17,39,45,611,2,35.9,282,26,15.7,2.8125,2023
877,Khalil Shakir,BUF,15,76,100,821,4,54.7,597,35,10.8,5.882352941176471,2024
878,Kyle Juszczyk,SF,16,30,41,324,1,20.3,168,15,10.8,2.5625,2018
879,Kyle Juszczyk,SF,12,20,24,239,1,19.9,159,11,11.9,2.0,2019
880,Kyle Juszczyk,SF,16,19,30,202,4,12.6,109,10,10.6,1.875,2020
881,Kyle Juszczyk,SF,17,30,38,296,1,17.4,151,16,9.9,2.235294117647059,2021
882,Kyle Juszczyk,SF,16,19,23,200,1,12.5,149,9,10.5,1.5333333333333334,2022
883,Kyle Juszczyk,SF,17,19,31,200,2,11.8,93,8,10.5,2.066666666666667,2024
884,Kyle Pitts,ATL,17,68,110,"1,026",1,60.4,313,43,15.1,6.470588235294118,2021
885,Kyle Pitts,ATL,10,28,59,356,2,35.6,126,20,12.7,3.6875,2022
886,Kyle Pitts,ATL,17,53,90,667,3,39.2,134,35,12.6,5.625,2023
887,Kyle Pitts,ATL,17,47,74,602,4,35.4,272,21,12.8,4.352941176470588,2024
888,Kyle Rudolph,MIN,16,64,82,634,4,39.6,246,32,9.9,5.125,2018
889,Kyle Rudolph,MIN,16,39,48,367,6,22.9,194,24,9.4,3.0,2019
890,Kyle Rudolph,MIN,12,28,37,334,1,27.8,163,16,11.9,3.0833333333333335,2020
891,Kyle Rudolph,NYG,16,26,39,257,1,16.1,137,12,9.9,2.4375,2021
892,Kylen Granson,IND,13,31,40,302,0,23.2,127,17,9.7,2.6666666666666665,2022
893,Kylen Granson,IND,15,30,50,368,1,24.5,128,19,12.3,4.166666666666667,2023
894,Kyren Williams,LAR,12,32,48,206,3,17.2,277,9,6.4,4.363636363636363,2023
895,Ladd McConkey,LAC,16,82,112,"1,149",7,71.8,390,52,14.0,7.0,2024
896,Laquon Treadwell,MIN,15,35,53,302,1,20.1,116,16,8.6,3.533333333333333,2018
897,Laquon Treadwell,JAX,12,33,51,434,1,36.2,126,22,13.2,4.25,2021
898,Larry Fitzgerald,ARI,16,69,112,734,6,45.9,210,39,10.6,7.0,2018
899,Larry Fitzgerald,ARI,16,75,109,804,4,50.3,358,40,10.7,6.8125,2019
900,Larry Fitzgerald,ARI,13,54,72,409,1,31.5,178,25,7.6,5.538461538461538,2020
901,Latavius Murray,NO,16,34,43,235,1,14.7,289,9,6.9,2.6875,2019
902,Laviska Shenault Jr.,JAX,14,58,79,600,5,42.9,295,33,10.3,5.642857142857143,2020
903,Laviska Shenault Jr.,JAX,16,63,100,619,0,38.7,389,30,9.8,6.25,2021
904,Laviska Shenault Jr.,CAR,13,27,32,272,1,20.9,330,10,10.1,2.1333333333333333,2022
905,Le'Veon Bell,NYJ,15,66,78,461,1,30.7,454,20,7.0,5.2,2019
906,LeSean McCoy,BUF,14,34,46,238,0,17.0,267,10,7.0,3.2857142857142856,2018
907,Leonard Fournette,JAX,15,76,100,522,0,34.8,576,23,6.9,6.666666666666667,2019
908,Leonard Fournette,TB,13,36,47,233,0,17.9,240,9,6.5,3.6153846153846154,2020
909,Leonard Fournette,TB,16,73,83,523,3,32.7,563,26,7.2,5.1875,2022
910,Levine Toilolo,DET,16,21,24,263,1,16.4,105,16,12.5,1.5,2018
911,Lil'Jordan Humphrey,NO,10,13,18,249,2,24.9,101,9,19.2,1.8,2021
912,Lil'Jordan Humphrey,DEN,17,31,45,293,1,17.2,192,12,9.5,5.625,2024
913,Logan Thomas,WSH,16,72,110,670,6,41.9,289,36,9.3,6.875,2020
914,Logan Thomas,WSH,14,39,61,323,1,23.1,126,15,8.3,4.6923076923076925,2022
915,Logan Thomas,WSH,16,55,78,496,4,31.0,229,21,9.0,5.2,2023
916,Luke Musgrave,GB,11,34,46,352,1,32.0,169,14,10.4,3.2857142857142856,2023
917,Luke Schoonmaker,DAL,17,27,36,241,1,14.2,97,11,8.9,7.2,2024
918,Lynn Bowden Jr.,MIA,10,28,37,211,0,21.1,119,13,7.5,3.7,2020
919,Mack Hollins,MIA,17,14,28,223,4,13.1,37,11,15.9,1.6470588235294117,2021
920,Mack Hollins,LV,17,57,94,690,4,40.6,196,34,12.1,6.266666666666667,2022
921,Mack Hollins,ATL,13,18,30,251,0,19.3,55,9,13.9,2.5,2023
922,Mack Hollins,BUF,17,31,50,378,5,22.2,90,25,12.2,3.5714285714285716,2024
923,Malik Nabers,NYG,15,109,170,"1,204",7,80.3,462,55,11.0,10.0,2024
924,Malik Turner,SEA,15,15,22,245,1,16.3,102,10,16.3,1.4666666666666666,2019
925,Malik Washington,MIA,14,26,36,223,0,15.9,123,13,8.6,2.1176470588235294,2024
926,Marcedes Lewis,GB,17,23,28,214,0,12.6,144,10,9.3,1.6470588235294117,2021
927,Marcus Johnson,IND,8,17,33,277,2,34.6,45,12,16.3,4.125,2019
928,Marcus Johnson,IND,11,14,28,255,0,23.2,51,11,18.2,2.5454545454545454,2020
929,Mark Andrews,BAL,16,34,50,552,3,34.5,197,28,16.2,3.125,2018
930,Mark Andrews,BAL,15,64,98,852,10,56.8,302,44,13.3,6.533333333333333,2019
931,Mark Andrews,BAL,14,58,88,701,7,50.1,190,37,12.1,6.285714285714286,2020
932,Mark Andrews,BAL,17,107,153,"1,361",9,80.1,458,75,12.7,9.0,2021
933,Mark Andrews,BAL,15,73,113,847,5,56.5,243,48,11.6,7.0625,2022
934,Mark Andrews,BAL,10,45,61,544,6,54.4,216,27,12.1,4.066666666666666,2023
935,Mark Andrews,BAL,17,55,69,673,11,39.6,192,39,12.2,4.0588235294117645,2024
936,Mark Ingram II,BAL,15,26,29,247,5,16.5,230,16,9.5,1.9333333333333333,2019
937,Marquez Callaway,NO,11,21,27,213,0,19.4,57,10,10.1,2.4545454545454546,2020
938,Marquez Callaway,NO,17,46,84,698,6,41.1,144,32,15.2,4.9411764705882355,2021
939,Marquez Valdes-Scantling,GB,16,38,73,581,2,36.3,217,23,15.3,4.5625,2018
940,Marquez Valdes-Scantling,GB,16,26,56,452,2,28.3,152,14,17.4,3.5,2019
941,Marquez Valdes-Scantling,GB,16,33,63,690,6,43.1,255,27,20.9,3.9375,2020
942,Marquez Valdes-Scantling,GB,11,26,55,430,3,39.1,146,18,16.5,5.0,2021
943,Marquez Valdes-Scantling,KC,17,42,81,687,2,40.4,149,32,16.4,7.363636363636363,2022
944,Marquez Valdes-Scantling,KC,16,21,42,315,1,19.7,92,14,15.0,3.230769230769231,2023
945,Marquez Valdes-Scantling,BUF/NO,14,19,44,411,4,29.4,143,14,21.6,2.588235294117647,2024
946,Marquise Goodwin,SF,11,23,43,395,4,35.9,132,19,17.2,3.909090909090909,2018
947,Marquise Goodwin,CHI,14,20,40,313,1,22.4,83,12,15.6,2.857142857142857,2021
948,Marquise Goodwin,SEA,13,27,42,387,4,29.8,114,18,14.3,2.625,2022
949,Martavis Bryant,OAK,8,19,27,266,0,33.3,132,10,14.0,3.375,2018
950,Marvin Hall,DET,9,7,11,261,1,29.0,40,7,37.3,1.2222222222222223,2019
951,Marvin Hall,CLE/DET,12,18,32,302,2,25.2,59,10,16.8,2.6666666666666665,2020
952,Marvin Harrison Jr.,ARI,17,62,116,885,8,52.1,148,43,14.3,7.733333333333333,2024
953,Marvin Jones Jr.,DET,9,35,62,508,5,56.4,105,27,14.5,6.888888888888889,2018
954,Marvin Jones Jr.,DET,13,62,91,779,9,59.9,121,41,12.6,7.0,2019
955,Marvin Jones Jr.,DET,16,76,115,978,9,61.1,203,52,12.9,7.1875,2020
956,Marvin Jones Jr.,JAX,17,73,120,832,4,48.9,132,42,11.4,7.0588235294117645,2021
957,Marvin Jones Jr.,JAX,16,46,81,529,3,33.1,95,30,11.5,6.230769230769231,2022
958,Marvin Mims Jr.,DEN,16,22,33,377,1,23.6,154,9,17.1,2.75,2023
959,Marvin Mims Jr.,DEN,17,39,52,503,6,29.6,477,14,12.9,3.0588235294117645,2024
960,Matt Breida,SF,14,27,31,261,2,18.6,235,12,9.7,2.2142857142857144,2018
961,Matt LaCosse,DEN,15,24,37,250,1,16.7,129,11,10.4,2.466666666666667,2018
962,Maurice Harris,WSH,12,28,47,304,0,25.3,92,12,10.9,3.9166666666666665,2018
963,Mecole Hardman,KC,16,26,41,538,6,33.6,305,18,20.7,2.5625,2019
964,Mecole Hardman,KC,16,41,62,560,4,35.0,291,23,13.7,3.875,2020
965,Mecole Hardman,KC,17,59,83,693,2,40.8,502,33,11.7,4.882352941176471,2021
966,Mecole Hardman,KC,8,25,34,297,4,37.1,160,14,11.9,2.125,2022
967,Melvin Gordon III,LAC,12,50,66,490,4,40.8,518,21,9.8,5.5,2018
968,Melvin Gordon III,LAC,12,42,55,296,1,24.7,331,11,7.0,4.583333333333333,2019
969,Melvin Gordon III,DEN,16,28,38,213,2,13.3,186,9,7.6,2.375,2021
970,Melvin Gordon III,DEN,10,25,32,223,0,22.3,206,11,8.9,2.0,2022
971,Michael Carter,NYJ,14,36,55,325,0,23.2,341,17,9.0,3.9285714285714284,2021
972,Michael Carter,NYJ,16,41,54,288,0,18.0,274,12,7.0,6.75,2022
973,Michael Crabtree,BAL,16,54,100,607,3,37.9,110,35,11.2,6.25,2018
974,Michael Gallup,DAL,16,33,68,507,2,31.7,145,21,15.4,4.25,2018
975,Michael Gallup,DAL,14,66,113,"1,107",6,79.1,343,50,16.8,8.071428571428571,2019
976,Michael Gallup,DAL,16,59,105,843,5,52.7,254,44,14.3,6.5625,2020
977,Michael Gallup,DAL,14,39,74,424,4,30.3,107,25,10.9,6.7272727272727275,2022
978,Michael Gallup,DAL,17,34,57,418,2,24.6,104,19,12.3,3.5625,2023
979,Michael Mayer,LV,14,27,40,304,2,21.7,164,19,11.3,3.3333333333333335,2023
980,Michael Pittman Jr.,IND,13,40,61,503,1,38.7,280,22,12.6,4.6923076923076925,2020
981,Michael Pittman Jr.,IND,17,88,129,"1,082",6,63.6,348,54,12.3,7.588235294117647,2021
982,Michael Pittman Jr.,IND,16,99,141,925,4,57.8,357,51,9.3,8.8125,2022
983,Michael Pittman Jr.,IND,16,109,156,"1,152",4,72.0,513,53,10.6,9.75,2023
984,Michael Pittman Jr.,IND,16,69,111,808,3,50.5,259,35,11.7,9.25,2024
985,Michael Thomas,NO,16,125,147,"1,405",9,87.8,502,75,11.2,9.1875,2018
986,Michael Thomas,NO,16,149,185,"1,725",9,107.8,582,91,11.6,11.5625,2019
987,Michael Thomas,NO,7,40,55,438,0,62.6,80,25,10.9,7.857142857142857,2020
988,Michael Thomas,NO,10,39,64,448,1,44.8,100,21,11.5,4.0,2023
989,Michael Wilson,ARI,13,38,58,565,3,43.5,139,29,14.9,3.625,2023
990,Michael Wilson,ARI,16,47,71,548,4,34.3,130,27,11.7,5.916666666666667,2024
991,Mike Davis,SEA,15,34,42,214,1,14.3,230,10,6.3,2.8,2018
992,Mike Davis,CAR,15,59,70,373,2,24.9,428,17,6.3,4.666666666666667,2020
993,Mike Davis,ATL,17,44,58,259,1,15.2,306,12,5.9,3.411764705882353,2021
994,Mike Evans,TB,16,86,139,"1,524",8,95.3,256,69,17.7,8.6875,2018
995,Mike Evans,TB,13,67,118,"1,157",8,89.0,276,54,17.3,9.076923076923077,2019
996,Mike Evans,TB,16,70,109,"1,006",13,62.9,266,55,14.4,6.8125,2020
997,Mike Evans,TB,16,74,114,"1,035",14,64.7,259,56,14.0,7.125,2021
998,Mike Evans,TB,15,77,127,"1,124",6,74.9,216,53,14.6,9.76923076923077,2022
999,Mike Evans,TB,17,79,136,"1,255",13,73.8,322,54,15.9,8.5,2023
1000,Mike Evans,TB,14,74,110,"1,004",11,71.7,226,53,13.6,6.470588235294118,2024
1001,Mike Gesicki,MIA,16,51,89,570,5,35.6,195,25,11.2,5.5625,2019
1002,Mike Gesicki,MIA,15,53,85,703,6,46.9,189,36,13.3,5.666666666666667,2020
1003,Mike Gesicki,MIA,17,73,112,780,2,45.9,221,39,10.7,6.588235294117647,2021
1004,Mike Gesicki,MIA,17,32,52,362,5,21.3,97,19,11.3,4.7272727272727275,2022
1005,Mike Gesicki,NE,17,29,45,244,2,14.4,92,11,8.4,4.090909090909091,2023
1006,Mike Gesicki,CIN,17,65,83,665,2,39.1,245,38,10.2,5.928571428571429,2024
1007,Mike Williams,LAC,16,43,66,664,10,41.5,114,36,15.4,4.125,2018
1008,Mike Williams,LAC,15,49,90,"1,001",2,66.7,219,41,20.4,6.0,2019
1009,Mike Williams,LAC,15,48,85,756,5,50.4,165,35,15.8,5.666666666666667,2020
1010,Mike Williams,LAC,16,76,129,"1,146",9,71.6,415,51,15.1,8.0625,2021
1011,Mike Williams,LAC,13,63,93,895,4,68.8,319,39,14.2,6.2,2022
1012,Mike Williams,LAC,3,19,26,249,1,83.0,108,9,13.1,1.625,2023
1013,Mike Williams,PIT/NYJ,18,21,34,298,1,16.6,35,14,14.2,2.125,2024
1014,Miles Boykin,BAL,16,19,33,266,4,16.6,87,14,14.0,2.0625,2020
1015,Miles Sanders,PHI,16,50,63,509,3,31.8,419,19,10.2,3.9375,2019
1016,Mo Alie-Cox,IND,15,31,39,394,2,26.3,189,19,12.7,2.6,2020
1017,Mo Alie-Cox,IND,17,24,45,316,4,18.6,150,14,13.2,2.6470588235294117,2021
1018,Mo Alie-Cox,IND,17,19,28,189,3,11.1,99,9,9.9,1.8666666666666667,2022
1019,Mohamed Sanu,ATL,16,66,94,838,4,52.4,349,41,12.7,5.875,2018
1020,Mohamed Sanu,ATL/NE,15,59,89,520,2,34.7,193,30,8.8,5.933333333333334,2019
1021,Myles Gaskin,MIA,10,41,47,388,2,38.8,397,12,9.5,4.7,2020
1022,Myles Gaskin,MIA,17,49,63,234,4,13.8,250,13,4.8,3.7058823529411766,2021
1023,N'Keal Harry,NE,14,33,57,309,2,22.1,148,15,9.4,4.071428571428571,2020
1024,N'Keal Harry,NE,12,12,22,184,0,15.3,25,7,15.3,1.8333333333333333,2021
1025,Najee Harris,PIT,17,74,94,467,3,27.5,499,22,6.3,5.529411764705882,2021
1026,Najee Harris,PIT,17,41,53,229,3,13.5,207,16,5.6,4.416666666666667,2022
1027,Najee Harris,PIT,17,36,48,283,0,16.6,329,13,7.9,3.2,2024
1028,Nelson Agholor,PHI,16,64,97,736,4,46.0,324,28,11.5,6.0625,2018
1029,Nelson Agholor,PHI,11,39,69,363,3,33.0,146,17,9.3,6.2727272727272725,2019
1030,Nelson Agholor,LV,16,48,82,896,8,56.0,241,37,18.7,5.125,2020
1031,Nelson Agholor,NE,15,37,64,473,3,31.5,118,23,12.8,4.266666666666667,2021
1032,Nelson Agholor,NE,16,31,53,362,2,22.6,144,12,11.7,4.076923076923077,2022
1033,Nelson Agholor,BAL,17,35,45,381,4,22.4,141,19,10.9,5.625,2023
1034,Nelson Agholor,BAL,14,14,29,231,2,16.5,85,10,16.5,2.0714285714285716,2024
1035,Nick Boyle,BAL,16,23,37,213,0,13.3,147,10,9.3,2.3125,2018
1036,Nick Boyle,BAL,16,31,43,321,2,20.1,160,13,10.4,2.6875,2019
1037,Nick Chubb,CLE,16,36,49,278,0,17.4,320,13,7.7,3.0625,2019
1038,Nick Chubb,CLE,17,27,37,239,1,14.1,259,12,8.9,2.466666666666667,2022
1039,Nick Vannett,SEA,15,29,43,269,3,17.9,129,17,9.3,2.8666666666666667,2018
1040,Nick Westbrook-Ikhine,TEN,16,38,57,476,4,29.8,144,23,12.5,3.5625,2021
1041,Nick Westbrook-Ikhine,TEN,17,25,50,397,3,23.4,112,18,15.9,3.8461538461538463,2022
1042,Nick Westbrook-Ikhine,TEN,14,28,45,370,3,26.4,107,18,13.2,2.8125,2023
1043,Nick Westbrook-Ikhine,TEN,17,32,60,497,9,29.2,124,25,15.5,4.0,2024
1044,Nico Collins,HOU,14,33,60,446,1,31.9,131,22,13.5,4.285714285714286,2021
1045,Nico Collins,HOU,10,37,66,481,2,48.1,163,21,13.0,8.25,2022
1046,Nico Collins,HOU,15,80,109,"1,297",8,86.5,549,53,16.2,7.266666666666667,2023
1047,Nico Collins,HOU,12,68,99,"1,006",7,83.8,365,48,14.8,6.1875,2024
1048,Noah Brown,DAL,13,16,25,184,0,14.2,68,6,11.5,1.9230769230769231,2021
1049,Noah Brown,DAL,16,43,74,555,3,34.7,128,25,12.9,5.6923076923076925,2022
1050,Noah Brown,HOU,10,33,55,567,2,56.7,223,24,17.2,3.9285714285714284,2023
1051,Noah Brown,WSH,11,35,56,453,1,41.2,83,21,12.9,3.7333333333333334,2024
1052,Noah Fant,DEN,16,40,66,562,3,35.1,388,23,14.1,4.125,2019
1053,Noah Fant,DEN,15,62,93,673,3,44.9,372,34,10.9,6.2,2020
1054,Noah Fant,DEN,16,68,90,670,4,41.9,309,29,9.9,5.625,2021
1055,Noah Fant,SEA,17,50,63,486,4,28.6,221,24,9.7,3.9375,2022
1056,Noah Fant,SEA,17,32,43,414,0,24.4,177,16,12.9,3.3076923076923075,2023
1057,Noah Fant,SEA,14,48,64,500,1,35.7,277,25,10.4,4.923076923076923,2024
1058,Noah Gray,KC,17,28,34,299,1,17.6,182,14,10.7,2.8333333333333335,2022
1059,Noah Gray,KC,17,28,41,305,2,17.9,140,16,10.9,3.727272727272727,2023
1060,Noah Gray,KC,17,40,49,437,5,25.7,210,25,10.9,4.454545454545454,2024
1061,Nyheim Hines,IND,16,63,81,425,2,26.6,320,29,6.7,5.0625,2018
1062,Nyheim Hines,IND,16,44,58,320,0,20.0,313,15,7.3,3.625,2019
1063,Nyheim Hines,IND,16,63,76,482,4,30.1,475,24,7.7,4.75,2020
1064,Nyheim Hines,IND,17,40,57,310,1,18.2,286,15,7.8,3.3529411764705883,2021
1065,Nyheim Hines,IND/BUF,16,30,37,241,1,15.1,190,11,8.0,3.7,2022
1066,O.J. Howard,TB,10,34,48,565,5,56.5,231,28,16.6,4.8,2018
1067,O.J. Howard,TB,14,34,53,459,1,32.8,165,23,13.5,3.7857142857142856,2019
1068,Odell Beckham Jr.,NYG,12,77,124,"1,052",6,87.7,332,51,13.7,10.333333333333334,2018
1069,Odell Beckham Jr.,CLE,16,74,133,"1,035",4,64.7,331,44,14.0,8.3125,2019
1070,Odell Beckham Jr.,CLE,7,23,43,319,3,45.6,47,17,13.9,6.142857142857143,2020
1071,Odell Beckham Jr.,LAR/CLE,14,44,82,537,5,38.4,151,27,12.2,5.857142857142857,2021
1072,Odell Beckham Jr.,BAL,14,35,64,565,3,40.4,155,27,16.1,4.923076923076923,2023
1073,Olamide Zaccheaus,ATL,11,20,32,274,1,24.9,62,16,13.7,2.909090909090909,2020
1074,Olamide Zaccheaus,ATL,17,31,53,406,3,23.9,96,22,13.1,3.1176470588235294,2021
1075,Olamide Zaccheaus,ATL,17,40,61,533,3,31.4,189,25,13.3,3.8125,2022
1076,Olamide Zaccheaus,WSH,17,45,64,506,3,29.8,284,26,11.2,3.764705882352941,2024
1077,Parker Washington,JAX,17,32,51,390,3,22.9,108,19,12.2,3.1875,2024
1078,Parris Campbell,IND,17,63,91,623,3,36.6,276,32,9.9,7.583333333333333,2022
1079,Pat Freiermuth,PIT,16,60,79,497,7,31.1,247,34,8.3,4.9375,2021
1080,Pat Freiermuth,PIT,16,63,98,732,2,45.8,291,37,11.6,6.533333333333333,2022
1081,Pat Freiermuth,PIT,12,32,47,308,2,25.7,145,17,9.6,3.1333333333333333,2023
1082,Pat Freiermuth,PIT,17,65,78,653,7,38.4,279,32,10.0,4.588235294117647,2024
1083,Patrick Laird,MIA,15,23,30,204,0,13.6,181,13,8.9,2.0,2019
1084,Paul Richardson Jr.,WSH,7,20,35,262,2,37.4,58,12,13.1,5.0,2018
1085,Paul Richardson Jr.,WSH,10,28,42,245,2,24.5,54,13,8.8,4.2,2019
1086,Pharaoh Brown,NE,17,13,15,208,1,12.2,121,8,16.0,0.9375,2023
1087,Pharoh Cooper,ARI/CIN,12,25,33,243,1,20.3,77,10,9.7,2.75,2019
1088,Phillip Dorsett II,NE,16,32,42,290,3,18.1,78,17,9.1,2.625,2018
1089,Phillip Dorsett II,NE,14,29,54,397,5,28.4,89,17,13.7,3.857142857142857,2019
1090,Phillip Dorsett II,HOU,15,20,40,257,1,17.1,62,11,12.9,5.714285714285714,2022
1091,Phillip Lindsay,DEN,15,35,47,241,1,16.1,300,12,6.9,3.1333333333333333,2018
1092,Pierre Garcon,SF,8,24,46,286,1,35.8,110,14,11.9,5.75,2018
1093,Preston Williams,MIA,8,32,60,428,3,53.5,71,24,13.4,7.5,2019
1094,Preston Williams,MIA,8,18,35,288,4,36.0,47,14,16.0,4.375,2020
1095,Puka Nacua,LAR,17,105,160,"1,486",6,87.4,640,68,14.2,10.0,2023
1096,Puka Nacua,LAR,11,79,106,990,3,90.0,518,47,12.5,6.235294117647059,2024
1097,Quentin Johnston,LAC,17,38,67,431,2,25.4,152,20,11.3,4.466666666666667,2023
1098,Quentin Johnston,LAC,15,55,91,711,8,47.4,306,32,12.9,5.6875,2024
1099,Quez Watkins,PHI,17,43,62,647,1,38.1,253,25,15.0,3.6470588235294117,2021
1100,Quez Watkins,PHI,17,33,51,354,3,20.8,146,13,10.7,3.642857142857143,2022
1101,Quincy Enunwa,NYJ,11,38,68,449,1,40.8,285,22,11.8,6.181818181818182,2018
1102,Quintez Cephus,DET,13,20,35,349,2,26.8,86,16,17.5,2.6923076923076925,2020
1103,Rachaad White,TB,17,50,58,290,2,17.1,319,13,5.8,3.625,2022
1104,Rachaad White,TB,17,64,70,549,3,32.3,611,23,8.6,4.375,2023
1105,Rachaad White,TB,16,51,57,393,6,24.6,516,18,7.7,5.7,2024
1106,Raheem Mostert,MIA,16,31,42,202,2,12.6,179,11,6.5,3.8181818181818183,2022
1107,Randall Cobb,GB,9,38,61,383,2,42.6,247,18,10.1,6.777777777777778,2018
1108,Randall Cobb,DAL,15,55,83,828,3,55.2,343,41,15.1,5.533333333333333,2019
1109,Randall Cobb,HOU,10,38,48,441,3,44.1,171,20,11.6,4.8,2020
1110,Randall Cobb,GB,13,34,50,417,1,32.1,185,19,12.3,3.125,2022
1111,Rashard Higgins,CLE,13,39,53,572,4,44.0,104,27,14.7,4.076923076923077,2018
1112,Rashard Higgins,CLE,13,37,52,599,4,46.1,77,26,16.2,4.0,2020
1113,Rashard Higgins,CLE,15,24,47,275,1,18.3,47,16,11.5,3.1333333333333333,2021
1114,Rashee Rice,KC,16,79,102,938,7,58.6,654,44,11.9,6.375,2023
1115,Rashee Rice,KC,4,24,29,288,2,72.0,186,15,12.0,1.7058823529411764,2024
1116,Rashid Shaheed,NO,12,28,34,488,2,40.7,170,18,17.4,2.125,2022
1117,Rashid Shaheed,NO,15,46,75,719,5,47.9,151,27,15.6,4.6875,2023
1118,Rashid Shaheed,NO,6,20,41,349,3,58.2,106,12,17.5,2.411764705882353,2024
1119,Rashod Bateman,BAL,12,46,68,515,1,42.9,171,29,11.2,5.666666666666667,2021
1120,Rashod Bateman,BAL,7,15,28,285,2,40.7,133,7,19.0,1.75,2022
1121,Rashod Bateman,BAL,16,32,56,367,1,22.9,59,20,11.5,3.5,2023
1122,Rashod Bateman,BAL,17,45,72,756,9,44.5,184,35,16.8,4.235294117647059,2024
1123,Ray-Ray McCloud III,PIT,16,39,66,277,0,17.3,115,17,7.1,4.125,2021
1124,Ray-Ray McCloud III,SF,17,14,25,243,1,14.3,92,11,17.4,1.6666666666666667,2022
1125,Ray-Ray McCloud III,ATL,17,62,87,686,1,40.4,335,29,11.1,5.4375,2024
1126,Rex Burkhead,NE,13,27,38,279,0,21.5,237,10,10.3,2.923076923076923,2019
1127,Rex Burkhead,HOU,16,25,32,186,0,11.6,141,9,7.4,2.0,2021
1128,Rex Burkhead,HOU,16,37,51,204,1,12.8,204,8,5.5,3.4,2022
1129,Rhamondre Stevenson,NE,17,69,88,421,1,24.8,474,13,6.1,5.5,2022
1130,Rhamondre Stevenson,NE,12,38,51,238,0,19.8,261,8,6.3,4.25,2023
1131,Rhett Ellison,NYG,14,25,34,272,1,19.4,137,13,10.9,2.4285714285714284,2018
1132,Richard Rodgers,PHI,14,24,31,345,2,24.6,102,16,14.4,2.2142857142857144,2020
1133,Richie James,SF,11,23,35,394,1,35.8,189,14,17.1,3.1818181818181817,2020
1134,Richie James,NYG,17,57,70,569,4,33.5,176,29,10.0,4.666666666666667,2022
1135,Ricky Pearsall,SF,11,31,46,400,3,36.4,114,19,12.9,3.5384615384615383,2024
1136,Ricky Seals-Jones,ARI,15,34,69,343,1,22.9,102,14,10.1,4.6,2018
1137,Ricky Seals-Jones,CLE,14,14,22,229,4,16.4,100,10,16.4,1.5714285714285714,2019
1138,Rico Dowdle,DAL,16,39,49,249,3,15.6,272,13,6.4,3.769230769230769,2024
1139,Rob Gronkowski,NE,13,47,72,682,3,52.5,188,34,14.5,5.538461538461538,2018
1140,Rob Gronkowski,TB,16,45,77,623,7,38.9,256,29,13.8,4.8125,2020
1141,Rob Gronkowski,TB,12,55,89,802,6,66.8,350,34,14.6,7.416666666666667,2021
1142,Robbie Chosen,NYJ,14,50,94,752,6,53.7,170,30,15.0,6.714285714285714,2018
1143,Robbie Chosen,NYJ,16,52,96,779,5,48.7,171,35,15.0,6.0,2019
1144,Robbie Chosen,CAR,16,95,136,"1,096",3,68.5,514,49,11.5,8.5,2020
1145,Robbie Chosen,CAR,17,53,110,519,5,30.5,158,27,9.8,6.470588235294118,2021
1146,Robbie Chosen,ARI/CAR,16,20,44,282,1,17.6,96,10,14.1,5.5,2022
1147,Robert Foster,BUF,13,27,44,541,3,41.6,164,20,20.0,3.3846153846153846,2018
1148,Robert Tonyan,GB,16,52,59,586,11,36.6,224,33,11.3,3.6875,2020
1149,Robert Tonyan,GB,17,53,67,470,2,27.6,230,20,8.9,4.785714285714286,2022
1150,Robert Woods,LAR,16,86,130,"1,219",6,76.2,417,66,14.2,8.125,2018
1151,Robert Woods,LAR,15,90,139,"1,134",2,75.6,584,54,12.6,9.266666666666667,2019
1152,Robert Woods,LAR,16,90,129,936,6,58.5,504,46,10.4,8.0625,2020
1153,Robert Woods,TEN,17,53,91,527,2,31.0,156,31,9.9,7.583333333333333,2022
1154,Robert Woods,HOU,14,40,75,426,1,30.4,126,26,10.6,5.357142857142857,2023
1155,Robert Woods,HOU,15,20,30,203,0,13.5,73,12,10.1,2.142857142857143,2024
1156,Rome Odunze,CHI,17,54,101,734,3,43.2,253,37,13.6,7.214285714285714,2024
1157,Romeo Doubs,GB,13,42,67,425,3,32.7,196,20,10.1,8.375,2022
1158,Romeo Doubs,GB,17,59,96,674,8,39.6,134,41,11.4,8.0,2023
1159,Romeo Doubs,GB,13,46,72,601,4,46.2,135,33,13.1,6.0,2024
1160,Ronald Jones,TB,16,31,40,309,0,19.3,303,12,10.0,2.5,2019
1161,Rondale Moore,ARI,14,54,64,435,1,31.1,438,18,8.1,4.571428571428571,2021
1162,Rondale Moore,ARI,8,41,56,414,1,51.8,281,16,10.1,4.3076923076923075,2022
1163,Rondale Moore,ARI,17,40,62,352,1,20.7,216,17,8.8,4.769230769230769,2023
1164,Roschon Johnson,CHI,15,34,40,209,0,13.9,247,6,6.1,3.076923076923077,2023
1165,Ross Dwelley,SF,16,19,24,245,1,15.3,99,10,12.9,1.5,2020
1166,Royce Freeman,DEN,16,43,50,256,1,16.0,268,10,6.0,3.125,2019
1167,Russell Gage,ATL,16,49,74,446,1,27.9,167,25,9.1,4.625,2019
1168,Russell Gage,ATL,16,72,110,786,4,49.1,288,50,10.9,6.875,2020
1169,Russell Gage,ATL,14,66,94,770,4,55.0,253,37,11.7,6.714285714285714,2021
1170,Russell Gage,TB,13,51,70,426,5,32.8,171,31,8.4,6.363636363636363,2022
1171,Ryan Grant,IND,14,35,52,334,1,23.9,79,18,9.5,3.7142857142857144,2018
1172,Ryan Griffin,HOU,14,24,43,305,0,21.8,152,15,12.7,3.0714285714285716,2018
1173,Ryan Griffin,NYJ,13,34,41,320,5,24.6,182,19,9.4,3.1538461538461537,2019
1174,Ryan Switzer,PIT,16,36,44,253,1,15.8,137,15,7.0,2.75,2018
1175,Sam LaPorta,DET,17,86,120,889,10,52.3,358,48,10.3,10.0,2023
1176,Sam LaPorta,DET,16,60,83,726,7,45.4,343,39,12.1,4.882352941176471,2024
1177,Samaje Perine,CIN,16,27,31,196,1,12.3,198,9,7.3,1.9375,2021
1178,Samaje Perine,CIN,16,38,51,287,4,17.9,321,11,7.6,3.923076923076923,2022
1179,Samaje Perine,DEN,17,50,56,455,0,26.8,462,23,9.1,3.5,2023
1180,Samaje Perine,KC,17,28,35,322,1,18.9,313,16,11.5,2.3333333333333335,2024
1181,Sammy Watkins,KC,10,40,55,519,3,51.9,246,24,13.0,5.5,2018
1182,Sammy Watkins,KC,14,52,90,673,3,48.1,302,30,12.9,6.428571428571429,2019
1183,Sammy Watkins,KC,10,37,55,421,2,42.1,158,27,11.4,5.5,2020
1184,Sammy Watkins,BAL,13,27,49,394,1,30.3,94,17,14.6,3.769230769230769,2021
1185,Sammy Watkins,BAL/GB,12,16,27,325,0,27.1,126,11,20.3,1.6875,2022
1186,Saquon Barkley,NYG,16,91,121,721,4,45.1,754,30,7.9,7.5625,2018
1187,Saquon Barkley,NYG,13,52,73,438,2,33.7,441,14,8.4,5.615384615384615,2019
1188,Saquon Barkley,NYG,13,41,57,263,2,20.2,298,13,6.4,4.384615384615385,2021
1189,Saquon Barkley,NYG,16,57,76,338,0,21.1,434,10,5.9,4.75,2022
1190,Saquon Barkley,NYG,14,41,60,280,4,20.0,226,16,6.8,5.0,2023
1191,Saquon Barkley,PHI,16,33,43,278,2,17.4,245,12,8.4,2.5294117647058822,2024
1192,Scotty Miller,TB,16,33,53,501,3,31.3,116,20,15.2,3.3125,2020
1193,Seth Roberts,OAK,15,45,64,494,2,32.9,218,24,11.0,4.266666666666667,2018
1194,Seth Roberts,BAL,16,21,35,271,2,16.9,68,18,12.9,2.1875,2019
1195,Shi Smith,CAR,17,22,41,296,2,17.4,132,14,13.5,2.5625,2022
1196,Skyy Moore,KC,16,22,33,250,0,15.6,148,13,11.4,2.2,2022
1197,Skyy Moore,KC,14,21,38,244,1,17.4,109,13,11.6,2.375,2023
1198,Spencer Ware,KC,13,20,23,224,0,17.2,254,9,11.2,1.7692307692307692,2018
1199,Stefon Diggs,MIN,15,102,149,"1,021",9,68.1,428,49,10.0,9.933333333333334,2018
1200,Stefon Diggs,MIN,15,63,94,"1,130",6,75.3,308,41,17.9,6.266666666666667,2019
1201,Stefon Diggs,BUF,16,127,166,"1,535",8,95.9,468,73,12.1,10.375,2020
1202,Stefon Diggs,BUF,17,103,164,"1,225",10,72.1,326,66,11.9,9.647058823529411,2021
1203,Stefon Diggs,BUF,16,108,154,"1,429",11,89.3,419,72,13.2,9.625,2022
1204,Stefon Diggs,BUF,17,107,160,"1,183",8,69.6,399,58,11.1,10.666666666666666,2023
1205,Stefon Diggs,HOU,8,47,64,496,3,62.0,185,31,10.6,5.333333333333333,2024
1206,Sterling Shepard,NYG,16,66,107,872,4,54.5,288,47,13.2,6.6875,2018
1207,Sterling Shepard,NYG,10,57,83,576,3,57.6,180,29,10.1,8.3,2019
1208,Sterling Shepard,NYG,12,66,90,656,3,54.7,210,37,9.9,7.5,2020
1209,Sterling Shepard,TB,14,32,51,334,1,23.9,99,16,10.4,3.1875,2024
1210,Steven Sims,WSH,16,34,56,310,4,19.4,167,18,9.1,3.5,2019
1211,Steven Sims,WSH,12,27,37,265,1,22.1,127,13,9.8,3.0833333333333335,2020
1212,Stone Smartt,LAC,15,16,19,208,0,13.9,66,11,13.0,1.1875,2024
1213,T.J. Hockenson,DET,12,32,59,367,2,30.6,202,19,11.5,4.916666666666667,2019
1214,T.J. Hockenson,DET,16,67,101,723,6,45.2,332,40,10.8,6.3125,2020
1215,T.J. Hockenson,MIN/DET,17,86,129,914,6,53.8,413,44,10.6,8.0625,2022
1216,T.J. Hockenson,MIN,15,95,127,960,5,64.0,336,48,10.1,7.9375,2023
1217,T.J. Hockenson,MIN,10,41,62,455,0,45.5,145,30,11.1,4.769230769230769,2024
1218,T.J. Yeldon,JAX,14,55,78,487,4,34.8,445,21,8.9,5.571428571428571,2018
1219,T.Y. Hilton,IND,14,76,120,"1,270",6,90.7,392,55,16.7,8.571428571428571,2018
1220,T.Y. Hilton,IND,10,45,68,501,5,50.1,213,24,11.1,6.8,2019
1221,T.Y. Hilton,IND,15,56,93,762,5,50.8,193,42,13.6,6.2,2020
1222,T.Y. Hilton,IND,10,23,37,331,3,33.1,71,15,14.4,3.7,2021
1223,Tajae Sharpe,TEN,16,26,47,316,2,19.8,84,22,12.2,2.9375,2018
1224,Tajae Sharpe,TEN,15,25,35,329,4,21.9,58,20,13.2,2.3333333333333335,2019
1225,Tajae Sharpe,ATL,15,25,37,230,0,15.3,69,14,9.2,2.466666666666667,2021
1226,Tank Dell,HOU,11,47,75,709,7,64.5,152,34,15.1,5.357142857142857,2023
1227,Tank Dell,HOU,14,51,81,667,3,47.6,164,35,13.1,4.764705882352941,2024
1228,Tanner Hudson,CIN,12,39,50,352,1,29.3,148,21,9.0,3.3333333333333335,2023
1229,Tarik Cohen,CHI,16,71,91,725,5,45.3,524,29,10.2,5.6875,2018
1230,Tarik Cohen,CHI,16,79,104,456,3,28.5,437,18,5.8,6.5,2019
1231,Tavon Austin,JAX,13,24,37,213,1,16.4,59,11,8.9,2.8461538461538463,2021
1232,Taylor Gabriel,CHI,16,67,93,688,2,43.0,221,31,10.3,5.8125,2018
1233,Taylor Gabriel,CHI,9,29,48,353,4,39.2,79,17,12.2,5.333333333333333,2019
1234,Taysom Hill,NO,16,19,22,234,6,14.6,152,14,12.3,1.375,2019
1235,Taysom Hill,NO,16,33,40,291,2,18.2,133,11,8.8,3.3333333333333335,2023
1236,Taywan Taylor,TEN,13,37,56,466,1,35.8,158,19,12.6,4.3076923076923075,2018
1237,Ted Ginn Jr.,NO,16,30,56,421,2,26.3,47,20,14.0,3.5,2019
1238,Tee Higgins,CIN,16,67,108,908,6,56.8,304,52,13.6,6.75,2020
1239,Tee Higgins,CIN,14,74,110,"1,091",6,77.9,290,53,14.7,7.857142857142857,2021
1240,Tee Higgins,CIN,16,74,109,"1,029",7,64.3,286,46,13.9,7.785714285714286,2022
1241,Tee Higgins,CIN,12,42,76,656,5,54.7,235,33,15.6,6.333333333333333,2023
1242,Tee Higgins,CIN,12,73,109,911,10,75.9,228,48,12.5,8.384615384615385,2024
1243,Terrace Marshall Jr.,CAR,14,28,47,490,1,35.0,132,23,17.5,4.7,2022
1244,Terrelle Pryor Sr.,BUF/NYJ,8,16,30,252,2,31.5,64,11,15.8,3.75,2018
1245,Terry McLaurin,WSH,14,58,93,919,7,65.6,220,43,15.8,6.642857142857143,2019
1246,Terry McLaurin,WSH,15,87,134,"1,118",4,74.5,490,51,12.9,8.933333333333334,2020
1247,Terry McLaurin,WSH,17,77,130,"1,053",5,61.9,317,47,13.7,7.647058823529412,2021
1248,Terry McLaurin,WSH,17,77,120,"1,191",5,70.1,394,56,15.5,7.5,2022
1249,Terry McLaurin,WSH,17,79,132,"1,002",4,58.9,350,47,12.7,8.25,2023
1250,Terry McLaurin,WSH,17,82,117,"1,096",13,64.5,292,56,13.4,7.3125,2024
1251,Tevin Coleman,ATL,16,32,44,276,5,17.3,269,15,8.6,2.75,2018
1252,Theo Johnson,NYG,12,29,43,331,1,27.6,149,16,11.4,2.6875,2024
1253,Theo Riddick,DET,14,61,74,384,0,27.4,416,16,6.3,5.285714285714286,2018
1254,Tim Patrick,DEN,16,23,41,315,1,19.7,112,15,13.7,2.5625,2018
1255,Tim Patrick,DEN,8,16,31,218,0,27.3,41,14,13.6,3.875,2019
1256,Tim Patrick,DEN,15,51,79,742,6,49.5,243,33,14.5,5.266666666666667,2020
1257,Tim Patrick,DEN,16,53,85,734,5,45.9,202,39,13.8,5.3125,2021
1258,Tim Patrick,DET,16,33,44,394,3,24.6,141,20,11.9,2.933333333333333,2024
1259,Todd Gurley,LAR,14,59,81,580,4,41.4,587,26,9.8,5.785714285714286,2018
1260,Todd Gurley,LAR,15,31,49,207,2,13.8,194,8,6.7,3.2666666666666666,2019
1261,Tommy Tremble,CAR,16,20,35,180,1,11.3,70,10,9.0,2.1875,2021
1262,Tommy Tremble,CAR,16,23,32,194,3,12.1,95,10,8.4,2.1333333333333333,2023
1263,Tommy Tremble,CAR,12,23,32,234,2,19.5,125,12,10.2,2.1333333333333333,2024
1264,Tony Pollard,DAL,15,39,46,337,0,22.5,341,15,8.6,3.066666666666667,2021
1265,Tony Pollard,DAL,16,39,55,371,3,23.2,347,18,9.5,3.4375,2022
1266,Tony Pollard,DAL,17,55,67,311,0,18.3,321,12,5.7,13.4,2023
1267,Tony Pollard,TEN,16,41,57,238,0,14.9,221,9,5.8,3.5625,2024
1268,Travis Etienne Jr.,JAX,17,35,45,316,0,18.6,354,16,9.0,2.8125,2022
1269,Travis Etienne Jr.,JAX,17,58,73,476,1,28.0,517,23,8.2,4.5625,2023
1270,Travis Etienne Jr.,JAX,15,39,52,254,0,16.9,296,13,6.5,4.0,2024
1271,Travis Fulgham,PHI,13,38,67,539,4,41.5,112,26,14.2,5.153846153846154,2020
1272,Travis Kelce,KC,16,103,150,"1,336",10,83.5,557,68,13.0,9.375,2018
1273,Travis Kelce,KC,16,97,136,"1,229",5,76.8,430,65,12.7,8.5,2019
1274,Travis Kelce,KC,15,105,145,"1,416",11,94.4,597,79,13.5,9.666666666666666,2020
1275,Travis Kelce,KC,16,92,134,"1,125",9,70.3,564,63,12.2,8.375,2021
1276,Travis Kelce,KC,17,110,152,"1,338",12,78.7,648,78,12.2,9.5,2022
1277,Travis Kelce,KC,15,93,121,984,5,65.6,469,50,10.6,7.5625,2023
1278,Travis Kelce,KC,16,97,133,823,3,51.4,340,46,8.5,7.823529411764706,2024
1279,Tre Tucker,LV,16,19,34,331,2,20.7,28,12,17.4,3.7777777777777777,2023
1280,Tre Tucker,LV,17,47,81,539,3,31.7,208,24,11.5,5.0625,2024
1281,Tre'Quan Smith,NO,15,28,44,427,5,28.5,102,23,15.3,2.933333333333333,2018
1282,Tre'Quan Smith,NO,11,18,25,234,5,21.3,114,17,13.0,2.272727272727273,2019
1283,Tre'Quan Smith,NO,14,34,50,448,4,32.0,130,22,13.2,3.5714285714285716,2020
1284,Tre'Quan Smith,NO,11,32,50,377,3,34.3,113,18,11.8,4.545454545454546,2021
1285,Tre'Quan Smith,NO,15,19,27,278,1,18.5,66,14,14.6,1.6875,2022
1286,Trent Sherfield Sr.,ARI,13,19,28,210,1,16.2,30,11,11.1,2.1538461538461537,2018
1287,Trent Sherfield Sr.,MIA,17,30,51,417,2,24.5,145,18,13.9,3.642857142857143,2022
1288,Trent Taylor,SF,14,26,41,215,1,15.4,95,11,8.3,2.9285714285714284,2018
1289,Trenton Irwin,CIN,9,15,23,231,4,25.7,59,12,15.4,1.4375,2022
1290,Trenton Irwin,CIN,16,25,32,316,1,19.8,110,15,12.6,2.1333333333333333,2023
1291,Trey Burton,CHI,16,54,76,569,6,35.6,221,29,10.5,4.75,2018
1292,Trey Burton,IND,13,28,47,250,3,19.2,86,14,8.9,3.6153846153846154,2020
1293,Trey McBride,ARI,16,29,39,265,1,16.6,117,12,9.1,2.4375,2022
1294,Trey McBride,ARI,17,81,106,825,3,48.5,439,42,10.2,6.625,2023
1295,Trey McBride,ARI,16,111,147,"1,146",2,71.6,513,63,10.3,8.647058823529411,2024
1296,Trey Palmer,TB,17,39,68,385,3,22.6,103,17,9.9,5.230769230769231,2023
1297,Treylon Burks,TEN,11,33,54,444,1,40.4,161,19,13.5,3.375,2022
1298,Treylon Burks,TEN,11,16,30,221,0,20.1,71,8,13.8,2.0,2023
1299,Troy Franklin,DEN,16,28,53,263,2,16.4,163,11,9.4,4.416666666666667,2024
1300,Tucker Kraft,GB,17,31,40,355,2,20.9,232,18,11.5,2.857142857142857,2023
1301,Tucker Kraft,GB,17,50,70,707,7,41.6,456,30,14.1,4.375,2024
1302,Tutu Atwell,LAR,13,18,35,298,1,22.9,60,11,16.6,2.1875,2022
1303,Tutu Atwell,LAR,16,39,67,483,3,30.2,104,26,12.4,8.375,2023
1304,Tutu Atwell,LAR,17,42,62,562,0,33.1,126,29,13.4,4.428571428571429,2024
1305,Ty Johnson,NYJ,16,34,55,372,2,23.3,334,20,10.9,3.4375,2021
1306,Ty Johnson,BUF,17,18,25,284,3,16.7,170,14,15.8,1.5625,2024
1307,Ty Montgomery II,BAL/GB,13,25,40,235,0,18.1,202,7,9.4,3.076923076923077,2018
1308,Tyjae Spears,TEN,17,52,70,385,1,22.6,460,17,7.4,4.375,2023
1309,Tyjae Spears,TEN,12,30,35,224,1,18.7,255,9,7.5,2.1875,2024
1310,Tyler Allgeier,ATL,17,18,23,193,1,11.4,217,6,10.7,1.4375,2023
1311,Tyler Boyd,CIN,14,76,108,"1,028",7,73.4,431,54,13.5,7.714285714285714,2018
1312,Tyler Boyd,CIN,16,90,148,"1,046",5,65.4,358,51,11.6,9.25,2019
1313,Tyler Boyd,CIN,15,79,110,841,4,56.1,363,43,10.6,7.333333333333333,2020
1314,Tyler Boyd,CIN,16,67,94,828,5,51.8,389,37,12.4,5.875,2021
1315,Tyler Boyd,CIN,16,58,82,762,5,47.6,249,41,13.1,6.3076923076923075,2022
1316,Tyler Boyd,CIN,17,67,98,667,2,39.2,279,28,10.0,6.533333333333333,2023
1317,Tyler Boyd,TEN,16,39,57,390,0,24.4,189,20,10.0,3.3529411764705883,2024
1318,Tyler Conklin,MIN,17,61,87,593,3,34.9,327,26,9.7,5.117647058823529,2021
1319,Tyler Conklin,NYJ,17,58,87,552,3,32.5,291,25,9.5,6.214285714285714,2022
1320,Tyler Conklin,NYJ,17,61,87,621,0,36.5,246,27,10.2,10.875,2023
1321,Tyler Conklin,NYJ,16,51,72,449,4,28.1,262,24,8.8,4.5,2024
1322,Tyler Eifert,CIN,16,43,63,436,3,27.3,115,24,10.1,3.9375,2019
1323,Tyler Eifert,JAX,15,36,60,349,2,23.3,105,22,9.7,4.0,2020
1324,Tyler Higbee,LAR,16,24,34,292,2,18.3,125,16,12.2,2.125,2018
1325,Tyler Higbee,LAR,15,69,89,734,3,48.9,403,36,10.6,5.933333333333334,2019
1326,Tyler Higbee,LAR,15,44,60,521,5,34.7,246,27,11.8,4.0,2020
1327,Tyler Higbee,LAR,15,61,85,560,5,37.3,281,33,9.2,5.666666666666667,2021
1328,Tyler Higbee,LAR,17,72,108,620,3,36.5,404,32,8.6,7.714285714285714,2022
1329,Tyler Higbee,LAR,15,47,70,495,2,33.0,246,26,10.5,5.384615384615385,2023
1330,Tyler Johnson,TB,17,36,55,360,0,21.2,137,14,10.0,3.235294117647059,2021
1331,Tyler Johnson,LAR,15,26,41,291,1,19.4,183,10,11.2,2.5625,2024
1332,Tyler Lockett,SEA,16,57,70,965,10,60.3,215,37,16.9,4.375,2018
1333,Tyler Lockett,SEA,16,82,110,"1,057",8,66.1,314,53,12.9,6.875,2019
1334,Tyler Lockett,SEA,16,100,132,"1,054",10,65.9,339,57,10.5,8.25,2020
1335,Tyler Lockett,SEA,16,73,107,"1,175",8,73.4,277,41,16.1,6.6875,2021
1336,Tyler Lockett,SEA,16,84,117,"1,033",9,64.6,274,50,12.3,7.3125,2022
1337,Tyler Lockett,SEA,17,79,122,894,5,52.6,209,47,11.3,8.133333333333333,2023
1338,Tyler Lockett,SEA,17,49,74,600,2,35.3,134,36,12.2,5.6923076923076925,2024
1339,Tyquan Thornton,NE,13,22,45,247,2,19.0,68,13,11.2,5.0,2022
1340,Tyreek Hill,KC,16,87,137,"1,479",12,92.4,489,60,17.0,8.5625,2018
1341,Tyreek Hill,KC,12,58,89,860,7,71.7,276,39,14.8,7.416666666666667,2019
1342,Tyreek Hill,KC,15,87,135,"1,276",15,85.1,430,57,14.7,9.0,2020
1343,Tyreek Hill,KC,17,111,159,"1,239",9,72.9,444,75,11.2,9.352941176470589,2021
1344,Tyreek Hill,MIA,17,119,170,"1,710",7,100.6,482,77,14.4,11.333333333333334,2022
1345,Tyreek Hill,MIA,16,119,171,"1,799",13,112.4,652,83,15.1,10.6875,2023
1346,Tyreek Hill,MIA,17,81,123,959,6,56.4,292,54,11.8,8.785714285714286,2024
1347,Tyrell Williams,LAC,16,41,65,653,5,40.8,186,30,15.9,4.0625,2018
1348,Tyrell Williams,OAK,14,42,64,651,6,46.5,204,33,15.5,4.571428571428571,2019
1349,Tyron Billy-Johnson,LAC,12,20,26,398,3,33.2,64,15,19.9,2.1666666666666665,2020
1350,Tyrone Tracy Jr.,NYG,17,38,53,284,1,16.7,281,13,7.5,3.533333333333333,2024
1351,Van Jefferson,LAR,16,19,31,220,1,13.8,48,11,11.6,1.9375,2020
1352,Van Jefferson,LAR,17,50,89,802,6,47.2,216,32,16.0,5.235294117647059,2021
1353,Van Jefferson,LAR,11,24,44,369,3,33.5,38,20,15.4,4.888888888888889,2022
1354,Van Jefferson,ATL/LAR,17,20,43,209,0,12.3,25,10,10.4,4.3,2023
1355,Van Jefferson,PIT,17,24,40,276,2,16.2,78,12,11.5,2.5,2024
1356,Vance McDonald,PIT,15,50,72,610,4,40.7,360,33,12.2,4.8,2018
1357,Vance McDonald,PIT,14,38,55,273,3,19.5,176,12,7.2,3.9285714285714284,2019
1358,Vernon Davis,WSH,14,25,36,367,2,26.2,181,16,14.7,2.5714285714285716,2018
1359,Virgil Green,LAC,16,19,27,210,1,13.1,103,10,11.1,1.6875,2018
1360,Vyncint Smith,NYJ,13,17,31,225,0,17.3,107,11,13.2,2.3846153846153846,2019
1361,Wan'Dale Robinson,NYG,6,23,31,227,1,37.8,126,13,9.9,2.066666666666667,2022
1362,Wan'Dale Robinson,NYG,15,60,78,525,1,35.0,287,29,8.8,5.2,2023
1363,Wan'Dale Robinson,NYG,17,93,140,699,3,41.1,361,36,7.5,8.235294117647058,2024
1364,Wendell Smallwood,PHI,16,28,35,230,2,14.4,213,9,8.2,2.1875,2018
1365,Will Dissly,SEA,6,23,27,262,4,43.7,81,14,11.4,4.5,2019
1366,Will Dissly,SEA,16,24,29,251,2,15.7,168,12,10.5,1.8125,2020
1367,Will Dissly,SEA,15,21,26,231,1,15.4,143,11,11.0,1.7333333333333334,2021
1368,Will Dissly,SEA,15,34,38,349,3,23.3,184,20,10.3,2.375,2022
1369,Will Dissly,LAC,15,50,64,481,2,32.1,303,24,9.6,6.4,2024
1370,Will Mallory,IND,12,18,26,207,0,17.3,89,11,11.5,2.0,2023
1371,William Fuller V,HOU,7,32,45,503,4,71.9,171,23,15.7,6.428571428571429,2018
1372,William Fuller V,HOU,11,49,71,670,3,60.9,227,26,13.7,6.454545454545454,2019
1373,William Fuller V,HOU,11,53,75,879,8,79.9,295,38,16.6,6.818181818181818,2020
1374,Willie Snead IV,BAL,16,62,95,651,1,40.7,275,37,10.5,5.9375,2018
1375,Willie Snead IV,BAL,16,31,46,339,5,21.2,140,20,10.9,2.875,2019
1376,Willie Snead IV,BAL,13,33,48,432,3,33.2,200,23,13.1,3.6923076923076925,2020
1377,Xavier Gipson,NYJ,17,21,38,229,0,13.5,109,9,10.9,3.4545454545454546,2023
1378,Xavier Legette,CAR,16,49,84,497,4,31.1,112,27,10.1,5.25,2024
1379,Xavier Worthy,KC,17,59,98,638,6,37.5,407,36,10.8,5.764705882352941,2024
1380,Zach Charbonnet,SEA,16,33,40,209,0,13.1,248,7,6.3,5.714285714285714,2023
1381,Zach Charbonnet,SEA,17,42,52,340,1,20.0,377,8,8.1,3.0588235294117645,2024
1382,Zach Ertz,PHI,16,116,156,"1,163",8,72.7,363,66,10.0,9.75,2018
1383,Zach Ertz,PHI,15,88,135,916,6,61.1,276,50,10.4,9.0,2019
1384,Zach Ertz,PHI,11,36,72,335,1,30.5,101,16,9.3,6.545454545454546,2020
1385,Zach Ertz,ARI/PHI,17,74,112,763,5,44.9,340,40,10.3,6.588235294117647,2021
1386,Zach Ertz,ARI,10,47,69,406,4,40.6,130,24,8.6,6.2727272727272725,2022
1387,Zach Ertz,WSH,17,66,91,654,7,38.5,187,38,9.9,5.6875,2024
1388,Zach Pascal,IND,16,27,46,268,2,16.8,79,15,9.9,2.875,2018
1389,Zach Pascal,IND,16,41,72,607,5,37.9,234,29,14.8,4.5,2019
1390,Zach Pascal,IND,16,44,71,629,5,39.3,240,29,14.3,4.4375,2020
1391,Zach Pascal,IND,16,38,69,384,3,24.0,121,15,10.1,4.3125,2021
1392,Zack Moss,BUF,13,23,32,197,1,15.2,200,12,8.6,2.4615384615384617,2021
1393,Zay Flowers,BAL,16,77,108,858,5,53.6,391,41,11.1,7.714285714285714,2023
1394,Zay Flowers,BAL,17,74,116,"1,059",4,62.3,463,48,14.3,6.823529411764706,2024
1395,Zay Jones,BUF,16,56,102,652,7,40.8,104,33,11.6,6.375,2018
1396,Zay Jones,BUF/OAK,15,27,45,216,0,14.4,77,10,8.0,3.0,2019
1397,Zay Jones,LV,17,47,70,546,1,32.1,170,29,11.6,4.117647058823529,2021
1398,Zay Jones,JAX,16,82,121,823,5,51.4,271,44,10.0,7.117647058823529,2022
1399,Zay Jones,JAX,9,34,64,321,2,35.7,51,14,9.4,4.0,2023
